-- --------------------------------------------------------
-- Host:                         127.0.0.1
-- Versión del servidor:         10.4.32-MariaDB - mariadb.org binary distribution
-- SO del servidor:              Win64
-- HeidiSQL Versión:             12.6.0.6765
-- --------------------------------------------------------

/*!40101 SET @OLD_CHARACTER_SET_CLIENT=@@CHARACTER_SET_CLIENT */;
/*!40101 SET NAMES utf8 */;
/*!50503 SET NAMES utf8mb4 */;
/*!40103 SET @OLD_TIME_ZONE=@@TIME_ZONE */;
/*!40103 SET TIME_ZONE='+00:00' */;
/*!40014 SET @OLD_FOREIGN_KEY_CHECKS=@@FOREIGN_KEY_CHECKS, FOREIGN_KEY_CHECKS=0 */;
/*!40101 SET @OLD_SQL_MODE=@@SQL_MODE, SQL_MODE='NO_AUTO_VALUE_ON_ZERO' */;
/*!40111 SET @OLD_SQL_NOTES=@@SQL_NOTES, SQL_NOTES=0 */;


-- Volcando estructura de base de datos para banco_libros
CREATE DATABASE IF NOT EXISTS `banco_libros` /*!40100 DEFAULT CHARACTER SET utf8mb4 COLLATE utf8mb4_general_ci */;
USE `banco_libros`;

-- Volcando estructura para tabla banco_libros.book
CREATE TABLE IF NOT EXISTS `book` (
  `id` int(11) unsigned NOT NULL AUTO_INCREMENT,
  `guid` char(36) NOT NULL,
  `name` varchar(255) NOT NULL,
  `isbn` varchar(50) NOT NULL,
  `enabled` tinyint(1) unsigned NOT NULL DEFAULT 1,
  `subject_id` int(11) unsigned NOT NULL,
  `stock` int(10) unsigned NOT NULL DEFAULT 0,
  `created` timestamp NOT NULL DEFAULT current_timestamp() ON UPDATE current_timestamp(),
  `updated` timestamp NULL DEFAULT NULL,
  `deleted` timestamp NULL DEFAULT NULL,
  `searchdata` text NOT NULL,
  PRIMARY KEY (`id`),
  KEY `FK_asignatura_id_libro` (`subject_id`) USING BTREE,
  CONSTRAINT `FK_asignatura_id_libro` FOREIGN KEY (`subject_id`) REFERENCES `subject` (`id`) ON DELETE CASCADE ON UPDATE CASCADE
) ENGINE=InnoDB AUTO_INCREMENT=51 DEFAULT CHARSET=utf8mb4 COLLATE=utf8mb4_general_ci;

-- Volcando datos para la tabla banco_libros.book: ~19 rows (aproximadamente)
INSERT INTO `book` (`id`, `guid`, `name`, `isbn`, `enabled`, `subject_id`, `stock`, `created`, `updated`, `deleted`, `searchdata`) VALUES
	(30, '15638385-F37B-4CCA-B9D3-B67EA4AA97EA', 'Formacion y Orientacion Laboral', '84-934895-3-0', 0, 3, 20, '2024-03-28 09:04:52', '2024-03-28 09:04:52', '2024-03-28 09:04:52', 'Formacion y Orientacion Laboral 84-934895-3-0 Diseño Grafico '),
	(31, '10B3E9EC-01D9-4C6E-A8A2-2220C77F492F', 'Mathematics1', '978-0-470-10963-2', 1, 3, 32, '2024-03-28 16:05:01', '2024-03-28 16:05:01', '2024-03-28 16:05:01', 'Mathematics1 978-0-470-10963-2 '),
	(32, 'BE5E51E9-769C-4D84-9F68-C3E465EF1F88', 'Libro1c', '84-934895-3-1', 1, 3, 43, '2024-03-28 16:05:03', '2024-03-28 16:05:03', '2024-03-28 16:05:03', 'Libro1c 84-934895-3-1 '),
	(33, 'A2C8B809-15F2-42F0-89C3-0D1499E7BDC3', 'Mathematics2', '84-934895-3-4', 1, 3, 21, '2024-03-28 16:05:04', '2024-03-28 16:05:04', '2024-03-28 16:05:04', 'Mathematics2 84-934895-3-4 '),
	(34, '167673EF-6687-4DD7-899D-F96D37D2AD36', 'Hugos', '84-934895-3-0', 1, 3, 1, '2024-03-28 16:05:06', '2024-03-28 16:05:06', '2024-03-28 16:05:06', 'Hugos 84-934895-3-0 '),
	(35, '7000A380-ECFC-4C9B-8FCA-317DBE04FF57', 'Mathematics98', '84-934895-3-0', 1, 3, 1, '2024-03-28 16:05:09', '2024-03-28 16:05:09', '2024-03-28 16:05:09', 'Mathematics98 84-934895-3-0 '),
	(36, 'D5372D34-3FDE-4DDC-8498-6D57BC8868D3', 'Libro1csd', '84-934595-3-4', 1, 3, 1, '2024-03-28 16:05:10', '2024-03-28 16:05:10', '2024-03-28 16:05:10', 'Libro1csd 84-934595-3-4 '),
	(37, 'EAAAEC5B-7BB9-4636-A572-E859DA098742', 'Hugos', '84-934895-3-8', 1, 3, 4, '2024-03-28 16:05:12', '2024-03-28 16:05:12', '2024-03-28 16:05:12', 'Hugos 84-934895-3-8 '),
	(38, '6999E2DC-B2B5-4656-864E-6C1A271177A0', 'Design Patterns', '84-934895-3-0', 1, 3, 20, '2024-04-09 11:21:52', NULL, '2024-04-09 11:21:51', 'Design Patterns 84-934895-3-0 '),
	(39, '20C7CB84-3017-4AFE-B1C9-FDAF54A379DB', 'Mathematics', '84-934895-3-8', 1, 3, 3, '2024-04-09 11:21:49', NULL, '2024-04-09 11:21:47', 'Mathematics 84-934895-3-8 '),
	(40, 'FF84983D-2211-4AD4-9070-F3C1C7CA7A90', 'English', '84-934895-3-1', 1, 3, 10, '2024-04-09 11:21:45', NULL, '2024-04-09 11:21:43', 'English 84-934895-3-1 '),
	(41, 'D98F57BE-98EF-49A9-8433-DE9B6260A3E4', 'El Quijote', '23-23453-33-2', 1, 8, 12, '2024-04-04 14:31:13', '2024-04-04 14:31:13', '2024-04-04 14:31:13', 'El Quijote 23-23453-33-2 '),
	(42, 'C05C4D5D-E1BC-40B8-9E04-56932B0D7D86', 'Hugos', '84-934895-3-0', 1, 13, 4, '2024-04-09 11:37:41', '2024-04-09 11:37:41', '2024-04-09 11:37:41', 'Hugos 84-934895-3-0 '),
	(43, 'D7553C05-E0AC-4F62-AC86-698C53969440', 'Hugos', '84-934895-3-0', 1, 15, 50, '2024-04-09 11:59:21', NULL, '2024-04-09 11:59:17', 'Hugos 84-934895-3-0 '),
	(44, '867988B8-FE08-4019-B397-2D9DD883AED1', 'Mathematics1', '84-934895-3-0', 1, 21, 10, '2024-04-09 13:55:18', NULL, '2024-04-09 13:55:18', 'Mathematics1 84-934895-3-0 '),
	(45, 'CE17112C-E947-4DE3-B99C-EE20E57C5E66', 'Mathematics1', '84-934895-3-0', 1, 22, 15, '2024-04-09 15:57:45', '2024-04-09 15:57:44', '2024-04-09 15:57:36', 'Mathematics1 84-934895-3-0 '),
	(46, 'AD9524AD-E2D1-4332-B83F-F10E1F20A0BC', 'Mathematics1', '84-934895-3-0', 1, 23, 15, '2024-04-09 15:58:14', NULL, '2024-04-09 15:58:14', 'Mathematics1 84-934895-3-0 '),
	(47, 'EBCB8633-2DE3-403E-874D-240B6C695FDC', 'Mathematics1', '84-934895-3-0', 1, 24, 25, '2024-04-16 08:57:30', NULL, NULL, 'Mathematics1 84-934895-3-0 '),
	(50, 'C604023A-2787-445D-87A6-B9AC177FEEE8', 'Hugos', '84-934895-3-5', 1, 25, 60, '2024-04-16 14:23:54', NULL, NULL, 'Hugos 84-934895-3-5 ');

-- Volcando estructura para tabla banco_libros.copy
CREATE TABLE IF NOT EXISTS `copy` (
  `id` int(11) unsigned NOT NULL AUTO_INCREMENT,
  `guid` char(36) NOT NULL,
  `uniqid` varchar(50) NOT NULL,
  `state` tinyint(1) NOT NULL DEFAULT 0,
  `book_id` int(11) unsigned NOT NULL,
  `searchdata` text NOT NULL,
  `updated` timestamp NULL DEFAULT NULL,
  PRIMARY KEY (`id`),
  KEY `FK_libro_id_ejemplar` (`book_id`) USING BTREE,
  CONSTRAINT `FK_libro_id_ejemplar` FOREIGN KEY (`book_id`) REFERENCES `book` (`id`) ON DELETE CASCADE ON UPDATE CASCADE
) ENGINE=InnoDB AUTO_INCREMENT=374 DEFAULT CHARSET=utf8mb4 COLLATE=utf8mb4_general_ci;

-- Volcando datos para la tabla banco_libros.copy: ~232 rows (aproximadamente)
INSERT INTO `copy` (`id`, `guid`, `uniqid`, `state`, `book_id`, `searchdata`, `updated`) VALUES
	(142, 'C50FFCA4-B497-4438-8DA1-C32A86B2A05A', '5384932376757', 4, 31, '', NULL),
	(143, '7964AEBD-9B17-4BE8-AEB7-632C9FFF7C8B', '1084620725028', 5, 34, '', NULL),
	(144, 'A5EB2CF9-90E9-409C-BF9D-1086CE762532', '3806331136023', 5, 35, '', NULL),
	(145, '6DCD5A6C-9BB6-4A49-A792-DD0BB5324694', '5025662200896', 5, 36, '', NULL),
	(146, '4BAF2524-7138-43FB-9488-8DE7C2EA0F7A', '9571449837199', 5, 37, '', NULL),
	(147, 'ECAE87D7-7469-40E8-A17E-E3DDE21E3643', '1229108466841', 5, 37, '', NULL),
	(148, 'DDCE5978-BE06-4F60-80D8-11F8353CCD56', '8453022384268', 5, 37, '', NULL),
	(149, 'AAB35109-FED7-440C-9DFA-6DDE7E592C68', '3784086532174', 5, 37, '', NULL),
	(150, 'F121B88A-1607-49D7-A1A6-21C8D13C6432', '4583755977061', 5, 38, '', NULL),
	(151, 'C08CF8F1-E850-48C5-BC02-BECFE9070B2C', '4868500840321', 5, 38, '', NULL),
	(152, 'DE059E66-BCE2-4746-810A-3BC70502B625', '3145091352757', 5, 38, '', NULL),
	(153, 'AC3AF585-07EE-445A-80B3-16A11F9D1BAD', '8922759445487', 5, 38, '', NULL),
	(154, '66EC38D9-A173-4C62-B941-B7220E90B236', '1363060928673', 5, 38, '', NULL),
	(155, 'BCD23C1C-07E4-4510-8D94-1BE33C54F55E', '4023989595810', 5, 38, '', NULL),
	(156, '97938C59-A6B2-4FB5-B221-F880BF35B69D', '4720577995563', 5, 38, '', NULL),
	(157, '9E64024E-5AAA-4AF3-94AA-7E7A61C321BD', '0174067163045', 5, 38, '', NULL),
	(158, '5DC8640A-AF75-4BC8-9C59-9E8C1B7C1230', '9003503037337', 5, 38, '', NULL),
	(159, '44DB36AF-18EE-4A1E-806D-81718550A12A', '5984072027800', 5, 38, '', NULL),
	(160, 'A5B3DA21-7AC5-456B-9671-CEFA4C24D692', '1260800964931', 5, 38, '', NULL),
	(161, 'CDE4F383-C2A6-41DA-8B72-D49CEE1D0E42', '6820774669522', 5, 38, '', NULL),
	(162, '5C6506CF-1FD7-4C73-924A-69DC1D2D7430', '2306850986044', 5, 38, '', NULL),
	(163, 'B0C99D23-84D0-4548-981E-437FC4F5104B', '0724254132588', 5, 38, '', NULL),
	(164, 'D0891E17-3A90-451E-91B0-7296369BD5BA', '8095889792826', 5, 38, '', NULL),
	(165, '626C99AC-C8E8-4FB5-95AA-6250DB42D20E', '8617570640954', 5, 38, '', NULL),
	(166, 'DD6442D2-3188-4035-BA8F-A73C6EFE6B1A', '1162303080030', 5, 38, '', NULL),
	(167, 'AF6D2B45-17FE-443E-999F-C995AF063D9B', '3888731955887', 5, 38, '', NULL),
	(168, 'A471AB56-0325-417D-B65A-D39ED5173091', '5699775424073', 5, 38, '', NULL),
	(169, '806D41DA-2D61-4DFF-AAFD-79573F26874E', '2256867952054', 5, 38, '', NULL),
	(170, '56C0C7E5-D8C1-4ABB-96E5-6492F067541A', '6343160489616', 5, 39, '', NULL),
	(171, '28D11E77-45CD-4BBC-BEB3-0CA2D14D8A9F', '0214782607461', 5, 39, '', NULL),
	(172, 'B4417F4A-BF9C-40A4-95C5-2A7D7C4BB0C8', '7589232524468', 5, 39, '', NULL),
	(173, '21C35C89-B695-474D-8354-498DF803E64B', '3846974741421', 1, 40, '3846974741421 ', '2024-04-03 11:26:22'),
	(174, '875A4ED1-7F27-473E-8EDE-9A784B2B1AF6', '2664351621719', 1, 40, '2664351621719 ', '2024-04-03 11:26:37'),
	(175, '842260C3-4A49-4C6F-8492-B4FCAA639D02', '5632433995927', 5, 40, '5632433995927 ', NULL),
	(176, '6B8AD127-D1A9-45F6-BBD7-2D733D04E82D', '3142057962704', 5, 40, '3142057962704 ', NULL),
	(177, '0E58D8B6-D6FD-4671-9D0C-87F746F86171', '8108719631394', 5, 40, '8108719631394 ', NULL),
	(178, '4C41803B-6A1C-482A-BFBD-FFFF51DA7B5F', '8592045638458', 5, 40, '8592045638458 ', NULL),
	(179, '6FC4F45C-4652-43DF-BA53-8F622CBFD80C', '4140053114157', 5, 40, '4140053114157 ', NULL),
	(180, 'EBDD877F-F86D-48E8-A828-DC12F8DE09D0', '4129231383484', 5, 40, '4129231383484 ', NULL),
	(181, 'C92E113B-B3A5-44CE-A323-9829149AF3DF', '3230642342929', 5, 40, '3230642342929 ', NULL),
	(182, '90F63A5E-34DD-4857-8B0E-7FB7468C7604', '6098504846559', 5, 40, '6098504846559 ', NULL),
	(183, '32C1D90C-88F5-49C8-A962-6453C6837D3F', '0527253792887', 2, 41, '0527253792887 ', '2024-04-04 13:51:28'),
	(184, '77A2B453-5C44-4CF0-9B20-4ADE44EEB448', '7450572689418', 1, 41, '7450572689418 ', '2024-04-04 14:28:17'),
	(185, 'DDEBF138-2AAD-49D7-93B0-B7FA43C72CA7', '8432833561073', 5, 41, '8432833561073 ', NULL),
	(186, '577BE09A-ECCF-4B3B-A4F9-1A69AD775CAF', '3676609728479', 5, 41, '3676609728479 ', NULL),
	(187, 'D383A092-41A6-4124-9042-9E72159BC346', '0112498826147', 5, 41, '0112498826147 ', '2024-04-04 14:28:29'),
	(188, '34625CEA-F28C-470D-B810-F2F9E4939EEF', '2118821438049', 5, 41, '2118821438049 ', NULL),
	(189, '3EA18D01-E2F2-4B0F-A3FC-D3D3A261191A', '7035031405902', 5, 41, '7035031405902 ', NULL),
	(190, '86BB4EAC-6D89-42DF-A84C-B4109C492DCC', '4389842399800', 5, 41, '4389842399800 ', NULL),
	(191, 'AA03719F-F81A-4482-B5FB-CFD37F072E38', '9289777976670', 5, 41, '9289777976670 ', NULL),
	(192, 'C5CC978E-F3C9-4512-89E5-B10F92CF26E7', '6544310143553', 5, 41, '6544310143553 ', NULL),
	(193, 'CA14BF09-40E3-45C6-A110-62ECC8E8C480', '4296045003669', 5, 41, '4296045003669 ', NULL),
	(194, '1E2E4531-200D-4A76-8174-1B6CC257449A', '2235871880806', 5, 41, '2235871880806 ', NULL),
	(195, '44682612-A6DE-45B0-96B0-30225CFF969B', '1200838350910', 5, 42, '1200838350910 ', NULL),
	(196, '5D712E49-4B5F-45D3-ACC6-D434845C1DA9', '6706063712966', 5, 42, '6706063712966 ', NULL),
	(197, 'C685C818-EF79-45CC-972C-9CAD5FB32BC0', '4255319632481', 5, 42, '4255319632481 ', NULL),
	(198, '5E9F071F-E308-4205-884C-93A6C2A467BE', '4160985028168', 0, 42, '4160985028168 ', '2024-04-09 11:35:56'),
	(199, '5850D839-1599-4203-A861-4C4C15B3595C', '0007844429011', 5, 43, '0007844429011 ', NULL),
	(200, '44E2AA60-C454-478B-880C-B374A1866B43', '2427769641127', 5, 43, '2427769641127 ', NULL),
	(201, '159A0DC0-10D7-4B11-87C6-084365DFE64D', '2330123944681', 5, 43, '2330123944681 ', NULL),
	(202, '997EC1F6-0B18-4924-B22D-39BFF06477FB', '0877035580602', 5, 43, '0877035580602 ', NULL),
	(203, '6B17EFCC-1F6A-4526-937C-7E884F613931', '2628012781817', 5, 43, '2628012781817 ', NULL),
	(204, '3C64AEE7-A6A2-4950-8CCA-D062359BCB23', '6545481035094', 5, 43, '6545481035094 ', NULL),
	(205, 'BDBED528-87A5-43C3-9723-2C5092CC17B4', '0550700160681', 5, 43, '0550700160681 ', NULL),
	(206, '94F507AB-5C04-4004-AF02-7B066727BC26', '9376118462978', 5, 43, '9376118462978 ', NULL),
	(207, '032D9A57-4460-4B50-98DB-1E57B22CF3D5', '2854899401062', 5, 43, '2854899401062 ', NULL),
	(208, '9D1EA510-2C7A-4651-8630-E1CC8BB46EF7', '4019278484724', 5, 43, '4019278484724 ', NULL),
	(209, '39BC5976-29B9-4A06-BB4B-D08E59C99B4A', '7166330559295', 5, 43, '7166330559295 ', NULL),
	(210, 'CEA181ED-6CB3-494B-989E-E08FB6F1D3E8', '6607392283655', 5, 43, '6607392283655 ', NULL),
	(211, 'BDF5E9C7-785C-4706-832A-00DCF149B5AE', '4460438011433', 5, 43, '4460438011433 ', NULL),
	(212, '7881CE14-0417-44D4-B178-C29A6C065B07', '4226281455186', 5, 43, '4226281455186 ', NULL),
	(213, '345D9FAA-5E28-4C7C-8B72-8E11011F6C36', '4950721495351', 5, 43, '4950721495351 ', NULL),
	(214, '5796878B-ED5D-4097-B521-05B8353933B7', '2875242137980', 5, 43, '2875242137980 ', NULL),
	(215, 'F7B99135-142B-49F2-ABEF-DCA1468A3EC5', '6761900342250', 5, 43, '6761900342250 ', NULL),
	(216, '0657406F-8994-4F1A-A521-95C721D82865', '1616154269517', 5, 43, '1616154269517 ', NULL),
	(217, 'F27343F7-F1D9-4DCA-9F71-1627EA6C36E6', '0154157006426', 5, 43, '0154157006426 ', NULL),
	(218, '6CF62D02-CC22-44B4-A172-59791E3E0D8F', '4792818954027', 5, 43, '4792818954027 ', NULL),
	(219, 'E8EA2570-35CC-4877-B31D-45B7C6015BB1', '3471201681982', 5, 43, '3471201681982 ', NULL),
	(220, '29DA7BC9-FF15-4E89-8AE4-28C1F82C3A90', '7018486369079', 5, 43, '7018486369079 ', NULL),
	(221, '951947C9-9C6C-457C-9182-16DB2E3DEB55', '1896015153880', 5, 43, '1896015153880 ', NULL),
	(222, '29984B7A-9AD2-4AEF-81D0-8F0581DF25A6', '4316801874301', 5, 43, '4316801874301 ', NULL),
	(223, 'C48C108B-CA90-4114-BF1F-6877451E3108', '6903694426014', 5, 43, '6903694426014 ', NULL),
	(224, 'B415FD58-3264-4514-8B05-C9ADBA1041EF', '7657164630302', 5, 43, '7657164630302 ', NULL),
	(225, '069E63BB-529A-45D7-97D4-37C5B247E812', '2706844249405', 5, 43, '2706844249405 ', NULL),
	(226, 'A28FD804-E02A-40A0-91A4-F2958220CA78', '8124085511071', 5, 43, '8124085511071 ', NULL),
	(227, 'CB3ADEA9-ED16-4E8A-A6A1-3A2E2AA536A6', '9418396482791', 5, 43, '9418396482791 ', NULL),
	(228, '5E5548B4-727F-46F9-B502-EED084FB2A5E', '0744743670782', 5, 43, '0744743670782 ', NULL),
	(229, '51AA8528-E1B7-4043-B8DB-6948D6CBD574', '4324470202540', 5, 43, '4324470202540 ', NULL),
	(230, 'A2F3BA9D-FA9C-4152-B133-72CB9A074A15', '2387058640898', 5, 43, '2387058640898 ', NULL),
	(231, '2FC3F7C9-0F01-4EEF-8F45-E0B11D96DACD', '4638974667167', 5, 43, '4638974667167 ', NULL),
	(232, '446200BE-4B8E-4067-B5DD-6456575B9BBE', '6930897335994', 5, 43, '6930897335994 ', NULL),
	(233, '61CF0343-FCC6-4315-ADEB-F7829A2DCD86', '2960534570996', 5, 43, '2960534570996 ', NULL),
	(234, '5770D8AE-DF90-4EED-9005-B5E2DE0BB52F', '0859900966240', 5, 43, '0859900966240 ', NULL),
	(235, 'D276CD37-AD21-4ED6-8764-746E69E962DF', '2074611551603', 5, 43, '2074611551603 ', NULL),
	(236, '8EEDCAD7-6A52-43F2-827E-36FC76F0A192', '2548045376711', 5, 43, '2548045376711 ', NULL),
	(237, '162A04C6-BE99-4AED-BF4D-D9F65B62590E', '1819262593573', 5, 43, '1819262593573 ', NULL),
	(238, 'C89FAC56-4A1E-4D94-8A58-37B382107CB6', '0656789781499', 5, 43, '0656789781499 ', NULL),
	(239, '1AA15A2F-118A-4BBA-A582-2523BAFCA0CB', '2182412766850', 5, 43, '2182412766850 ', NULL),
	(240, 'EC71B151-64D0-4A5A-AFA5-57151D3F8527', '4140509460048', 5, 43, '4140509460048 ', NULL),
	(241, '14F11D0B-07D7-4C98-83B6-F0005653AF68', '8061660597589', 5, 43, '8061660597589 ', NULL),
	(242, '0E4E5852-344F-4203-83C1-E340BF1CC25B', '0230682904730', 5, 43, '0230682904730 ', NULL),
	(243, '1D397A3D-1D1A-4376-83C9-D4047ECBD5A0', '1151323795983', 5, 43, '1151323795983 ', NULL),
	(244, 'EA520EC0-381F-49F5-BB73-652B90C5F6C7', '1765191337937', 5, 43, '1765191337937 ', NULL),
	(245, '0FDFD176-69DD-4F33-8F40-147658A3642A', '0108007642169', 5, 43, '0108007642169 ', NULL),
	(246, 'C6A1EDFF-DFC0-40FC-85EC-D33019FB2B28', '5561204214944', 5, 43, '5561204214944 ', NULL),
	(247, '05BE686C-5ACE-484D-A08D-1ACDE8A4BD52', '0583636518080', 5, 43, '0583636518080 ', NULL),
	(248, '1FA49A6A-AE44-46BB-BF90-3AFCB629301C', '7028771130497', 5, 43, '7028771130497 ', NULL),
	(249, 'D9448580-6E6D-46B8-A63E-08640BF50069', '4492692248728', 5, 44, '4492692248728 ', NULL),
	(250, '24C16697-7A68-4C07-AD0A-1B1D790CA75F', '5872596098706', 5, 44, '5872596098706 ', NULL),
	(251, 'CE7969A5-A5E4-4EDB-B6C2-740DB8261C9A', '7527586445909', 5, 44, '7527586445909 ', NULL),
	(252, '0BF7BE0B-1139-408E-AA7F-9DB33203942A', '3730806527639', 5, 44, '3730806527639 ', NULL),
	(253, '267B82DD-3C80-4BA5-8BFC-3144644BF44C', '9124297087129', 5, 44, '9124297087129 ', NULL),
	(254, 'F41FBA53-1334-47E4-B017-EA9C38D89F3D', '9468995926041', 5, 44, '9468995926041 ', NULL),
	(255, 'B7D8D478-F535-417F-A726-DEFFFAC29C69', '9507251965065', 5, 44, '9507251965065 ', NULL),
	(256, '43B8071F-6D6C-4763-B769-65F71ACC1482', '1727618190001', 5, 44, '1727618190001 ', NULL),
	(257, 'D4456CB6-5739-4811-B99A-4FAA001BC698', '3266545064961', 5, 44, '3266545064961 ', NULL),
	(258, '4D26FD5A-E0D3-4594-8E8A-93BC54EA0B53', '3567591950585', 5, 44, '3567591950585 ', NULL),
	(259, '6518FA9D-1CC3-46AA-A120-59F65BD81DCD', '9101689070382', 0, 45, '9101689070382 ', '2024-04-09 14:07:53'),
	(260, '26191B4D-0F5A-4DF9-AC00-9E35302AD6F6', '0754861907416', 5, 45, '0754861907416 ', NULL),
	(261, 'D96A2711-B75E-4D45-8C20-C23E333A8510', '5263129168870', 5, 45, '5263129168870 ', NULL),
	(262, '9687A375-2DB8-4315-B61D-E5E95BDD368C', '3249174728362', 5, 45, '3249174728362 ', NULL),
	(263, 'A8879A4F-70F0-4465-A2E8-023A8AC04A75', '0652429586614', 5, 45, '0652429586614 ', NULL),
	(264, '61E01FE2-227B-4B2E-8247-26009A680EFD', '2056587788812', 5, 45, '2056587788812 ', NULL),
	(265, '44C6E8E3-18DD-4BA2-805B-C4F88200F6BF', '5602062012866', 5, 45, '5602062012866 ', NULL),
	(266, 'B5461943-5031-4E31-AEAC-DF08BB582A87', '3608576463055', 5, 45, '3608576463055 ', NULL),
	(267, '6832F09F-5ED7-4C55-BBC7-CF87BE042BEB', '2910023068531', 5, 45, '2910023068531 ', NULL),
	(268, '64A9123F-3980-411C-AD98-7D639251A220', '6365883526579', 5, 45, '6365883526579 ', NULL),
	(269, '12E1E85C-6A82-4309-A16A-B8D09B7D8ED7', '8619510673084', 5, 45, '8619510673084 ', NULL),
	(270, '1DC1790F-651D-4020-BC64-E94010261DFE', '7088153827635', 5, 45, '7088153827635 ', NULL),
	(271, '9F78C330-88C0-4607-B418-2A295E0FD3C1', '5384161884587', 5, 45, '5384161884587 ', NULL),
	(272, '4751A6F7-EE95-4883-AB27-4AEAAC583D60', '6345596618032', 5, 45, '6345596618032 ', NULL),
	(273, '017A878B-BD43-4AAE-81F1-B6FF3848C42E', '9980421604220', 0, 45, '9980421604220 ', '2024-04-09 14:08:14'),
	(274, '4B9B1594-05B0-4348-8E71-0CDCE5CAFF00', '8936200378707', 5, 46, '8936200378707 ', NULL),
	(275, '92F4DFFC-8B72-4219-9C27-499B70DA07A0', '8375025139798', 5, 46, '8375025139798 ', NULL),
	(276, '21CE21C2-E527-4AAF-8AE2-362411CB6720', '2445917846209', 5, 46, '2445917846209 ', NULL),
	(277, 'BBC7FA7A-F98E-4A10-B5C4-0AA3D1B52A8A', '4545971366845', 5, 46, '4545971366845 ', NULL),
	(278, 'A2A4AC5F-5405-4465-AAB6-5FAF5DF3E53C', '1500141056169', 5, 46, '1500141056169 ', NULL),
	(279, '1F4AE437-910D-43EC-B551-34CB4DFCD341', '4816315439841', 5, 46, '4816315439841 ', NULL),
	(280, '03B69A9B-02C1-4C60-B22E-DF7B2D21737F', '9005516155378', 5, 46, '9005516155378 ', NULL),
	(281, '7D830B4C-45C6-4CAA-A096-E8431EAC02D9', '4753009129322', 5, 46, '4753009129322 ', NULL),
	(282, 'C1F425F3-9839-446F-9CA9-789319FBEBDB', '7199207205321', 5, 46, '7199207205321 ', NULL),
	(283, '3D906D98-9581-48EC-8EFE-E53D4BE1DC9F', '2168423380557', 5, 46, '2168423380557 ', NULL),
	(284, 'FE437A9D-730A-4C01-9A42-9224FEC70738', '2283983443634', 5, 46, '2283983443634 ', NULL),
	(285, 'D43BD8F9-1E31-43DB-8D09-E61BE2380A8A', '5806516434788', 5, 46, '5806516434788 ', NULL),
	(286, '3BB12CDD-9510-4480-9872-FF5A37D8CF04', '8774994341475', 5, 46, '8774994341475 ', NULL),
	(287, '14DF80E4-A9B5-4054-9977-14D3B6D11699', '0401268457982', 5, 46, '0401268457982 ', NULL),
	(288, '492AF2A2-AEA2-4305-85F1-AD4B03C2CCBA', '0372685843048', 5, 46, '0372685843048 ', NULL),
	(289, 'D6DB38BC-3DDB-4A84-B841-A94B2D50C220', '8194093837832', 5, 47, '8194093837832 ', '2024-04-16 14:08:48'),
	(290, 'E85EA016-9F48-45C5-AB51-B47A8E863163', '1446085062645', 5, 47, '1446085062645 ', NULL),
	(291, '0A4E42B1-F581-42BF-8527-AD7C0F90AE01', '6219908760958', 5, 47, '6219908760958 ', NULL),
	(292, '1455DA68-B9EB-4049-9C69-30272B4B0BE8', '1768349820931', 5, 47, '1768349820931 ', NULL),
	(293, '0E01A170-1E59-49B3-87CB-03ADB941406D', '2808575023792', 5, 47, '2808575023792 ', NULL),
	(294, '5F1BB2D4-15D3-4CDE-A94E-5DF3E507B8FF', '1770988021465', 5, 47, '1770988021465 ', NULL),
	(295, '2C49700B-386F-4B3F-B68E-90B43A67AA23', '5599911424886', 5, 47, '5599911424886 ', NULL),
	(296, 'AAC4AEBA-3597-403C-94EA-DB2E56221E7E', '2543306243130', 5, 47, '2543306243130 ', NULL),
	(297, 'AEB10328-7F7C-417B-9405-4891EC558105', '3096107660123', 5, 47, '3096107660123 ', NULL),
	(298, 'DF204072-CBE4-438D-A8F1-C1975DCBDB66', '7136498315588', 5, 47, '7136498315588 ', NULL),
	(299, '94F71CF9-76FB-445A-B2A7-E929EB561FFB', '7852370611986', 5, 47, '7852370611986 ', NULL),
	(300, 'B2E26881-83F8-4DAB-A2D6-8AA01684B4A0', '4095243341206', 5, 47, '4095243341206 ', NULL),
	(301, 'F5CDFCB6-DA42-4CE8-9B76-7CEB90E4B38B', '6912563133195', 5, 47, '6912563133195 ', NULL),
	(302, '1A818E1F-C66F-4E1D-9935-60475530740A', '4075213358094', 5, 47, '4075213358094 ', NULL),
	(303, '5967DC64-3E7D-45CC-818E-6689C216525B', '0682203830668', 5, 47, '0682203830668 ', NULL),
	(304, '8453DBD7-9E78-47AA-B039-E200EB1E5C70', '8398596741012', 5, 47, '8398596741012 ', NULL),
	(305, '4900E0B8-221A-4345-A077-0F6CBBD4EFB3', '8939829804868', 5, 47, '8939829804868 ', NULL),
	(306, 'AE4C51A2-64AF-42D4-B5EE-91136A33165D', '6889338364501', 5, 47, '6889338364501 ', NULL),
	(307, '6D3B7258-5C8D-4C93-AE35-05CAAE48876C', '8244809725354', 5, 47, '8244809725354 ', NULL),
	(308, 'C2A9E28F-6A41-473B-B496-218DF1FB91E2', '6760966738113', 5, 47, '6760966738113 ', NULL),
	(309, '41E4C0EB-9BF0-4850-B03A-3FFA0ED8CA38', '3464985970957', 5, 47, '3464985970957 ', NULL),
	(310, 'F9D1BF0D-CCDB-45CF-A9EA-14091BAEB2A6', '0944811058786', 5, 47, '0944811058786 ', NULL),
	(311, '14247A2D-7EF0-4209-92D0-DB74B79EFE2D', '5993986209020', 5, 47, '5993986209020 ', NULL),
	(312, 'B024563C-C255-40F1-91CB-1A15FDF3E3F7', '3141861619641', 5, 47, '3141861619641 ', NULL),
	(313, '6C188100-39FE-408F-8543-DFDB6CD78312', '0526828291321', 5, 47, '0526828291321 ', NULL),
	(314, 'BC98FF6B-0700-4A28-8BAC-456BDD0F6519', '3416795180708', 1, 50, '3416795180708 ', '2024-04-16 14:31:19'),
	(315, '570A981D-72A6-4CAF-A9EB-0252C02DD851', '7191153953455', 5, 50, '7191153953455 ', NULL),
	(316, '39AF9925-7D6B-4B92-B97E-E5384962CBD7', '5364334890550', 5, 50, '5364334890550 ', NULL),
	(317, '10314B50-B115-4614-A73A-CC753AC6EE1E', '6429103302361', 5, 50, '6429103302361 ', NULL),
	(318, '0DFB05EA-B6A9-407A-B58F-48FE0BBDEA7B', '2620614163415', 5, 50, '2620614163415 ', NULL),
	(319, 'DF354D75-CD6D-4AF6-AF84-76D25A3074E1', '3525767493864', 5, 50, '3525767493864 ', NULL),
	(320, 'E130F65A-CF1F-4CDC-A199-651A0BD35424', '1337535893184', 5, 50, '1337535893184 ', NULL),
	(321, 'FC6AF580-D153-4CFB-8743-941634B38BEC', '0289413512236', 5, 50, '0289413512236 ', NULL),
	(322, 'B5FB11DC-6EB1-4EA4-8221-DF54956AB172', '9249580202813', 5, 50, '9249580202813 ', NULL),
	(323, 'AF6BD13C-69EC-4F38-B79E-B0C94A0D5420', '4651290612083', 5, 50, '4651290612083 ', NULL),
	(324, 'ABA41C0F-8AA9-42CE-B3E6-CE2FF4683F57', '3597262592534', 0, 50, '3597262592534 ', '2024-04-16 14:31:15'),
	(325, '3BB7B286-3F02-45F0-8F65-D2C0718AF87B', '9791644135212', 5, 50, '9791644135212 ', NULL),
	(326, '3BC25873-9F02-451C-9E0E-842A7B74A1EF', '7900731982469', 5, 50, '7900731982469 ', NULL),
	(327, '275F94FA-3705-4D5F-B37D-00FBCD18BD78', '6332353317047', 5, 50, '6332353317047 ', NULL),
	(328, '5BBB03DF-4F53-4EAB-9412-6F122EDF2BB6', '8054945085149', 5, 50, '8054945085149 ', NULL),
	(329, '701587A2-F53F-4B13-92DB-5DFD80FA48EB', '9260865542693', 5, 50, '9260865542693 ', NULL),
	(330, 'B720BE40-A7DA-4255-8D9B-0C456F6180CF', '9560094239266', 5, 50, '9560094239266 ', NULL),
	(331, '307055E2-FE95-4A8D-8B8F-FDD112087AF2', '1686743804371', 5, 50, '1686743804371 ', NULL),
	(332, '9EAD47A0-CA10-4374-921D-A156D8947684', '6089474055567', 5, 50, '6089474055567 ', NULL),
	(333, 'B9B2CCC1-BE4D-49B6-A152-738EB6825209', '6461932831750', 5, 50, '6461932831750 ', NULL),
	(334, '6A6253C6-2F33-452E-B35A-EF8087F0986E', '7616538357032', 5, 50, '7616538357032 ', NULL),
	(335, '1198BC6B-8A0F-40C9-8FC1-23CE9D62C30E', '0017067585457', 5, 50, '0017067585457 ', NULL),
	(336, '2C9C68CC-6B57-428F-8886-AB7B23115A1D', '2835544327141', 5, 50, '2835544327141 ', NULL),
	(337, '7240DF4D-A8A7-4B95-85D3-94C190226D51', '4362575066032', 5, 50, '4362575066032 ', NULL),
	(338, '147A2BBE-444E-475B-9F4D-BF9F2D22961C', '2194692905898', 5, 50, '2194692905898 ', NULL),
	(339, 'A0638A0A-3FD2-47FE-ADDE-8DCC68E0E761', '6389404635234', 5, 50, '6389404635234 ', NULL),
	(340, 'E1B3B27B-25CC-4474-9703-D566FE3C569B', '2175214887877', 5, 50, '2175214887877 ', NULL),
	(341, '80AC451C-6170-4F0F-8F15-23ADFB4D4AFB', '4429782574269', 5, 50, '4429782574269 ', NULL),
	(342, '8D43D0D0-014F-4134-8192-79112BA898D0', '9091946157724', 5, 50, '9091946157724 ', NULL),
	(343, '2E559DAF-758A-40C7-8420-9B367E9AB368', '7192850811767', 5, 50, '7192850811767 ', NULL),
	(344, '5827467C-E536-4969-9625-947B2508FEA4', '6820004731682', 5, 50, '6820004731682 ', NULL),
	(345, '4AC98FF1-7130-4EDD-A5C6-D8F69DD174D9', '7617551000748', 5, 50, '7617551000748 ', NULL),
	(346, 'CC854861-DBC0-4234-9FF1-92680862A293', '2666908395192', 5, 50, '2666908395192 ', NULL),
	(347, '2C92245D-9F1B-4DB0-905A-A81DA8A15569', '7871119600297', 5, 50, '7871119600297 ', NULL),
	(348, '1BFA2DEF-C5FD-4249-9E39-18CEA9B55B06', '2364179086056', 5, 50, '2364179086056 ', NULL),
	(349, 'B1569EBB-BF83-4638-88B2-489B365F7E7F', '6683034373022', 5, 50, '6683034373022 ', NULL),
	(350, '2B4B426F-34B3-4705-93ED-F3A552B5B25C', '0874581551368', 5, 50, '0874581551368 ', NULL),
	(351, 'D58814F7-DAC6-403C-B565-78C92B920BFF', '6658021455003', 5, 50, '6658021455003 ', NULL),
	(352, 'E1F17DAE-62E2-4746-8414-EF34DA6BF4B1', '5481562514877', 5, 50, '5481562514877 ', NULL),
	(353, '826E7861-EA71-459B-9F90-9287DA7E3D6D', '2329845551307', 5, 50, '2329845551307 ', NULL),
	(354, 'E86C7B6B-D79C-4C66-B2FE-3C109647F59B', '1648226447377', 5, 50, '1648226447377 ', NULL),
	(355, '51057119-BA6D-4369-8AA3-DABF82D77B9B', '3206398752718', 5, 50, '3206398752718 ', NULL),
	(356, '033374B6-4CC2-46CB-9282-62A64B35C2F8', '2241470583431', 5, 50, '2241470583431 ', NULL),
	(357, '056CE0C4-00F4-40DC-8F10-BF270026F138', '1410628225957', 5, 50, '1410628225957 ', NULL),
	(358, '2C87BC52-BB96-4EB7-8BE8-D4810ACD378B', '5990602644659', 5, 50, '5990602644659 ', NULL),
	(359, '05729BE9-C053-41D7-A0B0-86901A19C339', '1525808288533', 5, 50, '1525808288533 ', NULL),
	(360, '1EE59466-9D6A-4EC5-B9E3-9D59BFC31733', '0368551753678', 5, 50, '0368551753678 ', NULL),
	(361, 'EA1706C1-8014-412C-86FC-BF1B0C6E0A06', '7956357718521', 5, 50, '7956357718521 ', NULL),
	(362, 'FA358494-05F5-4393-90D0-EEDB590F6C67', '7196962631124', 5, 50, '7196962631124 ', NULL),
	(363, '4EF7E986-9729-4B7D-84E7-ECD529AF787F', '2590342968152', 5, 50, '2590342968152 ', NULL),
	(364, 'B91F55F7-08E0-4657-B796-C268ABD52348', '7709622426476', 5, 50, '7709622426476 ', NULL),
	(365, '14180BE7-0930-4E5D-BC83-7524748826B4', '9988701536561', 5, 50, '9988701536561 ', NULL),
	(366, '7665441D-A841-49F2-9A27-81E598D48AD6', '6665639729983', 5, 50, '6665639729983 ', NULL),
	(367, '49BA669D-DD47-41A9-8071-C64CE7D851B1', '4408323729982', 5, 50, '4408323729982 ', NULL),
	(368, '86653540-B295-4238-BE0A-8E896837FE50', '4175017361884', 5, 50, '4175017361884 ', NULL),
	(369, '84E73682-64E0-47FA-9E69-4D0376F19BCB', '0802522566256', 5, 50, '0802522566256 ', NULL),
	(370, 'EB4ADC4F-78BC-4CD0-A826-E93C5788772D', '3280772467613', 5, 50, '3280772467613 ', NULL),
	(371, '6ED4AE3A-9BB0-4A17-845C-6FE8C4018ECD', '3990330711256', 5, 50, '3990330711256 ', NULL),
	(372, '487B2AB8-B7A9-481A-B3DC-A793B39C02BB', '3437199454788', 5, 50, '3437199454788 ', NULL),
	(373, '5451A34A-0EC2-4798-B62B-E22D2E976321', '1814895725030', 5, 50, '1814895725030 ', NULL);

-- Volcando estructura para tabla banco_libros.course
CREATE TABLE IF NOT EXISTS `course` (
  `id` int(11) unsigned NOT NULL AUTO_INCREMENT,
  `guid` char(36) NOT NULL,
  `name` varchar(255) NOT NULL,
  `abbr` varchar(10) NOT NULL,
  `season` varchar(50) NOT NULL,
  `searchdata` text NOT NULL,
  `created` timestamp NOT NULL DEFAULT current_timestamp(),
  `updated` timestamp NULL DEFAULT NULL,
  `deleted` timestamp NULL DEFAULT NULL,
  PRIMARY KEY (`id`)
) ENGINE=InnoDB AUTO_INCREMENT=19 DEFAULT CHARSET=utf8mb4 COLLATE=utf8mb4_general_ci;

-- Volcando datos para la tabla banco_libros.course: ~18 rows (aproximadamente)
INSERT INTO `course` (`id`, `guid`, `name`, `abbr`, `season`, `searchdata`, `created`, `updated`, `deleted`) VALUES
	(1, '23sa', 'Desarrollo de Aplicaciones Web', 'DAW', '', 'Desarrollo de Aplicaciones Web DAW ', '2024-03-18 16:14:22', '2024-04-09 11:39:44', '2024-04-09 11:39:44'),
	(2, 'dfasdf', 'Desarrollo de aplicaciones multiplaaforma', 'DAM', '', 'Desarrollo de aplicaciones multiplaaforma DAM ', '2024-04-03 13:51:02', '2024-04-03 14:49:58', '2024-04-03 14:49:58'),
	(3, '4839891E-32AA-454D-9D7B-D1DB5B57FFE6', 'Desarrollo de aplicaciones multimedia', 'DAM', '', 'Desarrollo de aplicaciones multimedia DAM ', '2024-04-03 15:14:18', '2024-04-04 14:21:46', '2024-04-04 14:21:46'),
	(4, '07E3D21C-09B5-4C39-A4E5-78EB49EB6DFC', 'Desarrollim', 'DIM', '', 'Desarrollim DIM ', '2024-04-03 15:21:29', '2024-04-04 10:04:12', '2024-04-04 10:04:12'),
	(5, 'F8CAD1AD-4833-492D-BAAA-CEA51B738769', 'This is just a test', 'NEW Course', '', 'This is just a test NEW Course ', '2024-04-04 14:25:24', '2024-04-09 11:39:43', '2024-04-09 11:39:43'),
	(6, '87EA76D5-EA77-4D6B-9384-28303BF8DDA2', 'Libro1c', 'DAS', '', 'Libro1c DAS ', '2024-04-09 11:41:58', '2024-04-09 11:42:01', '2024-04-09 11:42:01'),
	(7, 'E754E2EB-76E8-4F09-AAED-18C76C05265A', 'Desarrollo de Aplicaciones Web', 'DAW', '', 'Desarrollo de Aplicaciones Web DAW ', '2024-04-09 11:46:26', '2024-04-09 11:58:00', '2024-04-09 11:58:00'),
	(8, 'C83420E1-1DA4-4291-B896-8EC104FCC829', 'Hugos', 'DAW', '', 'Hugos DAW ', '2024-04-09 12:00:04', '2024-04-09 13:33:16', '2024-04-09 13:33:16'),
	(9, 'C833ED7F-E46D-4FB0-9DDC-A72855F346C7', 'Hugos', 'DAW', '', 'Hugos DAW ', '2024-04-09 13:33:27', '2024-04-09 13:46:40', '2024-04-09 13:46:40'),
	(10, 'FE102C22-C31D-42C9-AB9C-05840EAEA720', 'Mathematics1', 'DAW', '', 'Mathematics1 DAW ', '2024-04-09 13:46:56', '2024-04-09 13:47:46', '2024-04-09 13:47:46'),
	(11, '8821BCE1-A747-4B3D-8133-604FC93E3A01', 'Desarrollo de Aplicaciones Web', 'DIM', '', 'Desarrollo de Aplicaciones Web DIM ', '2024-04-09 13:47:03', '2024-04-09 13:47:38', '2024-04-09 13:47:38'),
	(12, '48B1FBEC-6B0C-415A-BD69-188ADD639C65', 'Mathematics1', 'DAW', '', 'Mathematics1 DAW ', '2024-04-09 13:53:44', '2024-04-09 14:20:15', '2024-04-09 14:20:15'),
	(13, '34AB831D-EDDB-41FB-8873-991D58A11C56', 'Hugos', 'DAW', '', 'Hugos DAW ', '2024-04-09 15:57:54', '2024-04-09 15:58:19', '2024-04-09 15:58:19'),
	(14, 'A292A491-2783-42E2-A531-88B18247FD08', 'Hugos', 'DAS', '', 'Hugos DAS ', '2024-04-15 15:19:40', '2024-04-15 15:19:52', '2024-04-15 15:19:52'),
	(15, 'DBF0C15F-E44F-4ADD-853D-367006D80A8A', 'Desarrolllo de aplicaciones web', 'DAW', '23-24', 'Desarrolllo de aplicaciones web DAW ', '2024-04-16 07:31:30', NULL, NULL),
	(16, '39802065-D7C4-4CFF-AF4B-541B237261F2', 'Sistemas Microinformaticos y Redes', 'SMX', '23-24', 'Sistemas Microinformaticos y Redes SMX ', '2024-04-16 07:34:27', NULL, NULL),
	(17, '6F03E767-0F42-4715-B510-40CBBAB0DD8C', 'Mathematics', 'DAWW (1er)', '23-24', 'Mathematics DAWW (1er) ', '2024-04-16 12:15:17', NULL, NULL),
	(18, '87E556C8-1E83-4A89-B7A8-87C1181D36EA', 'Desarrollo de aplicaciones Web (1er)', 'DAW', '23-24', 'Desarrollo de aplicaciones Web (1er) DAW ', '2024-04-16 15:12:41', NULL, NULL);

-- Volcando estructura para tabla banco_libros.history
CREATE TABLE IF NOT EXISTS `history` (
  `id` int(11) unsigned NOT NULL AUTO_INCREMENT,
  `guid` char(36) NOT NULL DEFAULT '',
  `copy_id` int(11) unsigned NOT NULL,
  `course_id` int(11) unsigned NOT NULL,
  `student_id` int(11) unsigned NOT NULL,
  `initialstate` tinyint(1) NOT NULL DEFAULT 0,
  `finalstate` tinyint(1) DEFAULT 0,
  `initialdate` timestamp NOT NULL DEFAULT current_timestamp() ON UPDATE current_timestamp(),
  `finaldate` timestamp NULL DEFAULT NULL,
  `observations` varchar(255) DEFAULT NULL,
  `updated` timestamp NULL DEFAULT NULL,
  PRIMARY KEY (`id`),
  KEY `FK_ejemplar_id_historial` (`copy_id`) USING BTREE,
  KEY `FK_curso_id_historial` (`course_id`) USING BTREE,
  KEY `FK_student_id_historial` (`student_id`),
  CONSTRAINT `FK_curso_id_historial` FOREIGN KEY (`course_id`) REFERENCES `course` (`id`) ON DELETE CASCADE ON UPDATE CASCADE,
  CONSTRAINT `FK_ejemplar_id_historial` FOREIGN KEY (`copy_id`) REFERENCES `copy` (`id`) ON DELETE CASCADE ON UPDATE CASCADE,
  CONSTRAINT `FK_student_id_historial` FOREIGN KEY (`student_id`) REFERENCES `student` (`id`) ON DELETE CASCADE ON UPDATE CASCADE
) ENGINE=InnoDB DEFAULT CHARSET=utf8mb4 COLLATE=utf8mb4_general_ci;

-- Volcando datos para la tabla banco_libros.history: ~0 rows (aproximadamente)

-- Volcando estructura para tabla banco_libros.student
CREATE TABLE IF NOT EXISTS `student` (
  `id` int(11) unsigned NOT NULL AUTO_INCREMENT,
  `guid` char(36) NOT NULL,
  `nia` int(8) unsigned NOT NULL,
  `created` timestamp NOT NULL DEFAULT current_timestamp(),
  `updated` timestamp NULL DEFAULT NULL,
  `deleted` timestamp NULL DEFAULT NULL,
  `createdby` int(11) unsigned NOT NULL,
  `searchdata` text NOT NULL,
  PRIMARY KEY (`id`) USING BTREE,
  KEY `FK_createdby_alumno` (`createdby`),
  CONSTRAINT `FK_createdby_alumno` FOREIGN KEY (`createdby`) REFERENCES `user` (`id`) ON DELETE CASCADE ON UPDATE CASCADE
) ENGINE=InnoDB AUTO_INCREMENT=36 DEFAULT CHARSET=utf8mb4 COLLATE=utf8mb4_general_ci;

-- Volcando datos para la tabla banco_libros.student: ~27 rows (aproximadamente)
INSERT INTO `student` (`id`, `guid`, `nia`, `created`, `updated`, `deleted`, `createdby`, `searchdata`) VALUES
	(1, '1', 96326161, '2024-03-26 15:59:08', NULL, '2024-03-28 15:54:07', 1, '96326161 '),
	(6, '2555FEE6-50A2-4C1E-8606-266B18AFDB73', 96326636, '2024-03-28 15:29:47', NULL, '2024-03-28 15:34:45', 1, '96326636 '),
	(7, '2E9BFF0E-3732-42A2-BC1E-6B6C194D287F', 96326636, '2024-03-28 15:29:57', NULL, '2024-03-28 15:34:46', 1, '96326636 '),
	(8, 'F289B610-0453-4602-9674-457CDA983BA9', 96326636, '2024-03-28 15:33:08', NULL, '2024-03-28 15:34:48', 1, '96326636 '),
	(9, '9196BDC9-085A-4B1D-B92D-B4635BA81ACC', 96326636, '2024-03-28 15:33:13', NULL, '2024-03-28 15:34:49', 1, '96326636 '),
	(10, '5488088D-5C2E-4F05-85A5-116AEAC20A3D', 96326636, '2024-03-28 15:33:14', NULL, '2024-03-28 15:34:53', 1, '96326636 '),
	(11, 'FFF2DDB9-DDA4-4183-AAE4-9910141AC4B2', 96326636, '2024-03-28 15:33:15', NULL, '2024-03-28 15:54:08', 1, '96326636 '),
	(12, 'A437413D-6AB4-4735-87E2-D7301D35EFF4', 96326636, '2024-03-28 15:33:15', NULL, '2024-03-28 15:54:10', 1, '96326636 '),
	(13, '35C2B2C4-09F1-4653-BF31-81928499644D', 96326636, '2024-03-28 15:33:55', NULL, '2024-03-28 15:54:11', 1, '96326636 '),
	(14, '3F4632B1-6EEE-469D-A239-4369EEC9E188', 96326636, '2024-03-28 15:34:22', NULL, '2024-03-28 15:54:13', 1, '96326636 '),
	(15, '765FFD14-8002-4C87-83F7-72088C4BDC12', 66575859, '2024-03-28 15:35:19', NULL, '2024-03-28 15:54:14', 1, '66575859 '),
	(16, '7D3B54BB-F17E-4F85-AF4C-CE4AF26D5728', 66575855, '2024-03-28 15:54:00', NULL, '2024-03-28 15:54:15', 1, '66575855 '),
	(17, '1DB4D93C-C37D-4025-BCFA-4FAA040F56F2', 96326631, '2024-03-28 15:54:32', NULL, '2024-04-03 11:54:08', 1, '96326631 '),
	(18, 'B725F3C5-B47F-4DA5-B111-211E9D4F1E75', 96326632, '2024-03-28 15:54:48', NULL, '2024-04-09 10:40:36', 1, '96326632 '),
	(19, '1F8FF302-A45C-46AC-BB6C-24FE290E62D1', 96326635, '2024-03-28 16:11:33', NULL, '2024-04-03 11:40:43', 1, '96326635 '),
	(20, '76330E5A-3ABE-4C25-B052-149F863029A2', 12341231, '2024-04-04 14:17:23', NULL, '2024-04-09 10:40:35', 2, '12341231 '),
	(21, '00FA6160-B07F-42ED-99E8-E5C7A1375D2D', 96326636, '2024-04-09 11:18:40', NULL, '2024-04-09 11:21:18', 1, '96326636 '),
	(22, 'CC68B183-50C2-4FA7-BD5E-88E87E2086A9', 96326636, '2024-04-09 11:35:25', NULL, '2024-04-09 11:37:44', 1, '96326636 '),
	(23, '1BD576E3-7A9E-4FDB-BB90-2CA5699748E1', 96326636, '2024-04-09 11:46:14', NULL, '2024-04-09 11:58:53', 1, '96326636 '),
	(24, 'FF5A24C3-515B-431C-836E-3FCAD2015B8B', 96326636, '2024-04-09 13:58:30', NULL, '2024-04-09 15:57:26', 1, '96326636 '),
	(25, '40A1903C-4F02-46B8-8101-8DBACACAE214', 96326636, '2024-04-15 15:50:55', NULL, NULL, 1, '96326636 '),
	(26, '48A76B27-1459-4296-A028-35CE6C21FB06', 96326630, '2024-04-16 10:53:40', NULL, NULL, 1, '96326630 '),
	(27, '2A9E5257-E3A1-4367-886C-DB4120CAF213', 96326631, '2024-04-16 11:07:01', NULL, NULL, 1, '96326631 '),
	(28, '14A8E41E-60D0-4113-B06E-6400ED89383B', 96326632, '2024-04-16 11:07:25', NULL, NULL, 1, '96326632 '),
	(29, '83984491-87D5-4FE8-870D-2D5A76A76D7E', 96326633, '2024-04-16 11:13:46', NULL, NULL, 1, '96326633 '),
	(34, 'AEF9B164-760B-4507-992C-79126638B9EF', 96326641, '2024-04-16 12:08:13', NULL, NULL, 1, '96326641 '),
	(35, '03F69EA6-1B72-4A50-BEA7-9FD08B67E863', 96326645, '2024-04-16 12:10:14', NULL, NULL, 1, '96326645 ');

-- Volcando estructura para tabla banco_libros.studentprofile
CREATE TABLE IF NOT EXISTS `studentprofile` (
  `id` int(11) unsigned NOT NULL AUTO_INCREMENT,
  `student_id` int(11) unsigned NOT NULL DEFAULT 0,
  `name` varchar(255) NOT NULL,
  `surnames` varchar(255) NOT NULL,
  `phone` varchar(250) NOT NULL,
  `email` varchar(255) NOT NULL,
  `updated` timestamp NULL DEFAULT NULL,
  PRIMARY KEY (`id`),
  KEY `FK_alumno_id_alumnoperfil` (`student_id`) USING BTREE,
  CONSTRAINT `FK_alumno_id_alumnoperfil` FOREIGN KEY (`student_id`) REFERENCES `student` (`id`) ON DELETE CASCADE ON UPDATE CASCADE
) ENGINE=InnoDB AUTO_INCREMENT=33 DEFAULT CHARSET=utf8mb4 COLLATE=utf8mb4_general_ci;

-- Volcando datos para la tabla banco_libros.studentprofile: ~27 rows (aproximadamente)
INSERT INTO `studentprofile` (`id`, `student_id`, `name`, `surnames`, `phone`, `email`, `updated`) VALUES
	(1, 1, 'Hugo', 'Sanchis', '665958524', 'hugo@gmail.com', '2024-03-28 12:56:48'),
	(3, 6, 'Hugos', 'Sanchis ', '665958525', 'hugolluissimarro03@gmail.com', NULL),
	(4, 7, 'Hugos', 'Sanchis ', '665958525', 'hugolluissimarro03@gmail.com', NULL),
	(5, 8, 'Hugos', 'Sanchis ', '665958525', 'hugolluissimarro03@gmail.com', NULL),
	(6, 9, 'Hugos', 'Sanchis ', '665958525', 'hugolluissimarro03@gmail.com', NULL),
	(7, 10, 'Hugos', 'Sanchis ', '665958525', 'hugolluissimarro03@gmail.com', NULL),
	(8, 11, 'Hugos', 'Sanchis ', '665958525', 'hugolluissimarro03@gmail.com', NULL),
	(9, 12, 'Hugos', 'Sanchis ', '665958525', 'hugolluissimarro03@gmail.com', NULL),
	(10, 13, 'Hugos', 'Sanchis ', '665958525', 'hugolluissimarro03@gmail.com', NULL),
	(11, 14, 'Hugos', 'Sanchis ', '665958525', 'hugolluissimarro03@gmail.com', NULL),
	(12, 15, 'Jose', 'Sanchis Belda', '665958525', 'jose@gmail.com', NULL),
	(13, 16, 'Hugos', 'Sanchis ', '665958555', 'hugolluissimarro03@gmail.com', NULL),
	(14, 17, 'Hugos', 'Sanchis ', '665958525', 'hugolluissimarro03@gmail.com', '2024-04-03 11:54:05'),
	(15, 18, 'Hugo', 'Sanchis', '666595858', 'hugolluissimarro03@gmail.com', NULL),
	(16, 19, 'Hugos', 'Sanchis ', '666595858', 'hugolluissimarro03@gmail.com', NULL),
	(17, 20, 'Jose', 'Sanchis', '684092823', 'sanchisbeldajose@gmail.com', NULL),
	(18, 21, 'Hugos', 'Sanchis ', '666595858', 'hugolluissimarro03@gmail.com', NULL),
	(19, 22, 'Hugos', 'Sanchis ', '666595858', 'hugolluissimarro03@gmail.com', NULL),
	(20, 23, 'Hugos', 'Sanchis ', '666595858', 'hugolluissimarro03@gmail.com', NULL),
	(21, 24, 'Hugos', 'Sanchis ', '666595858', 'hugolluissimarro03@gmail.com', NULL),
	(22, 25, 'Hugo', 'Sanchis ', '666595858', 'hugolluissimarro03@gmail.com', '2024-04-16 08:37:21'),
	(23, 26, 'Hugos', 'Sanchis ', '666595858', 'hugolluissimarro03@gmail.com', NULL),
	(24, 27, 'Mathematics1', 'Sanchis ', '666595858', 'hugolluissimarro03@gmail.com', NULL),
	(25, 28, 'Hugos', 'Sanchis ', '666595858', 'webflow@partizantest.net', NULL),
	(26, 29, 'Hugos', 'Sanchis ', '666595858', 'hugolluissimarro03@gmail.com', NULL),
	(31, 34, 'Mathematics1', 'Sanchis ', '666595858', 'hugolluissimarro03@gmail.com', NULL),
	(32, 35, 'Jose', 'Sanchis ', '666595858', 'hugolluissimarro03@gmail.com', NULL);

-- Volcando estructura para tabla banco_libros.studentsubjectcourse
CREATE TABLE IF NOT EXISTS `studentsubjectcourse` (
  `id` int(11) NOT NULL AUTO_INCREMENT,
  `student_id` int(11) NOT NULL DEFAULT 0,
  `subject_id` int(11) NOT NULL DEFAULT 0,
  `course_id` int(11) NOT NULL DEFAULT 0,
  PRIMARY KEY (`id`)
) ENGINE=InnoDB AUTO_INCREMENT=23 DEFAULT CHARSET=utf8mb4 COLLATE=utf8mb4_general_ci;

-- Volcando datos para la tabla banco_libros.studentsubjectcourse: ~22 rows (aproximadamente)
INSERT INTO `studentsubjectcourse` (`id`, `student_id`, `subject_id`, `course_id`) VALUES
	(1, 34, 26, 15),
	(2, 34, 27, 15),
	(3, 34, 28, 15),
	(4, 34, 29, 15),
	(5, 34, 30, 15),
	(6, 34, 31, 15),
	(7, 34, 32, 15),
	(8, 34, 33, 15),
	(9, 34, 34, 15),
	(10, 34, 35, 15),
	(11, 35, 24, 15),
	(12, 35, 25, 15),
	(13, 35, 26, 15),
	(14, 35, 27, 15),
	(15, 35, 28, 15),
	(16, 35, 29, 15),
	(17, 35, 30, 15),
	(18, 35, 31, 15),
	(19, 35, 32, 15),
	(20, 35, 33, 15),
	(21, 35, 34, 15),
	(22, 35, 35, 15);

-- Volcando estructura para tabla banco_libros.subject
CREATE TABLE IF NOT EXISTS `subject` (
  `id` int(11) unsigned NOT NULL AUTO_INCREMENT,
  `guid` char(36) NOT NULL,
  `name` varchar(255) NOT NULL,
  `abbr` varchar(10) NOT NULL,
  `course_id` int(11) unsigned NOT NULL,
  `created` timestamp NOT NULL DEFAULT current_timestamp(),
  `updated` timestamp NULL DEFAULT NULL,
  `deleted` timestamp NULL DEFAULT NULL,
  `searchdata` text NOT NULL DEFAULT '',
  PRIMARY KEY (`id`),
  KEY `FK_curso_id_asignatura` (`course_id`) USING BTREE,
  CONSTRAINT `FK_curso_id_asignatura` FOREIGN KEY (`course_id`) REFERENCES `course` (`id`) ON DELETE CASCADE ON UPDATE CASCADE
) ENGINE=InnoDB AUTO_INCREMENT=36 DEFAULT CHARSET=utf8mb4 COLLATE=utf8mb4_general_ci;

-- Volcando datos para la tabla banco_libros.subject: ~33 rows (aproximadamente)
INSERT INTO `subject` (`id`, `guid`, `name`, `abbr`, `course_id`, `created`, `updated`, `deleted`, `searchdata`) VALUES
	(3, '2112-5121', 'Diseño Grafico', 'DG', 1, '2024-03-18 16:15:04', '2024-04-04 08:33:27', '2024-04-04 08:33:27', 'Diseño Grafico DG '),
	(4, '415183DB-0DD4-45A2-9F12-47770BB93D44', 'Diseño de Interficies', 'DIM', 1, '2024-04-04 09:51:55', '2024-04-04 10:06:20', '2024-04-04 10:06:20', 'Diseño de Interficies DIM '),
	(5, '09977FDB-3A8B-4CB2-BA18-DCE805763A1F', 'Mathematics1', 'DAS', 1, '2024-04-04 09:52:34', '2024-04-09 11:28:00', '2024-04-09 11:28:00', 'Mathematics1 DAS '),
	(6, '8F46953C-78D0-4233-B6D3-696CDECFA319', 'Mathematics1', 'DAS', 1, '2024-04-04 09:53:01', '2024-04-04 09:53:32', '2024-04-04 09:53:32', 'Mathematics1 DAS '),
	(7, '4247159C-A8E5-4E45-85FB-76E43118AF15', 'Cliente Servidor', 'CS', 1, '2024-04-04 09:53:59', '2024-04-09 11:28:02', '2024-04-09 11:28:02', 'Cliente Servidor CS '),
	(8, '3C497598-425F-41DC-992B-E0C91E33DB77', 'Mathematics1', 'DAW', 3, '2024-04-04 10:04:08', '2024-04-09 11:42:57', '2024-04-09 11:28:17', 'Mathematics1 DAW '),
	(9, 'FBD424DA-DD05-49E9-87BB-F78D6922B4F1', 'Hugos', 'DAS', 3, '2024-04-04 10:04:19', '2024-04-09 11:42:54', '2024-04-09 11:28:20', 'Hugos DAS '),
	(10, '7B376705-602D-474B-9E39-1AFB8FD302FA', 'Hugos', 'DAS', 1, '2024-04-04 10:05:41', '2024-04-09 11:28:07', '2024-04-09 11:28:07', 'Hugos DAS '),
	(11, '1DC0B623-6FB8-47E5-AEB8-67D7733B4E6A', 'Hugos', 'DAS', 3, '2024-04-04 10:06:13', '2024-04-09 11:42:50', '2024-04-09 11:28:24', 'Hugos DAS '),
	(12, '6EE686B5-8761-4F54-910E-3AB5B2012790', 'NEw Subject', 'NS', 1, '2024-04-04 14:26:13', '2024-04-09 11:27:49', '2024-04-09 11:27:49', 'NEw Subject NS '),
	(13, 'D840F6B5-216C-4B6E-9259-6CE74CCAE087', 'Hugos', 'DAS', 1, '2024-04-09 11:35:11', '2024-04-09 11:37:47', '2024-04-09 11:37:47', 'Hugos DAS '),
	(14, 'BAFE44BB-74C7-43E6-B630-90AA3F1ABE20', 'Hugos', 'DAS', 1, '2024-04-09 11:38:19', '2024-04-09 11:42:47', '2024-04-09 13:46:35', 'Hugos DAS '),
	(15, '966A112E-DB54-40CE-963B-268DD77A1079', 'Cliente', 'CS', 7, '2024-04-09 11:46:40', '2024-04-09 11:51:43', '2024-04-09 13:46:34', 'Cliente CS '),
	(16, '569CDD56-D923-46A7-ABE5-3ACFA375F114', 'dsfs', 'dfsdfs', 7, '2024-04-09 11:52:10', NULL, '2024-04-09 13:46:33', 'dsfs dfsdfs '),
	(17, '1B6D9A68-F93F-4CBE-B508-ABAF46C38286', 'Mathematics1', 'DAS', 9, '2024-04-09 13:33:33', NULL, '2024-04-09 13:46:40', 'Mathematics1 DAS '),
	(18, 'BD8F0E8A-960C-467C-8A3D-47A2630AAFC7', 'Mathematics1', 'DAS', 10, '2024-04-09 13:47:10', NULL, '2024-04-09 13:47:46', 'Mathematics1 DAS '),
	(19, 'C23FA770-31AC-4751-8409-96B47208ED49', 'Libro1c', 'DAW', 11, '2024-04-09 13:47:16', '2024-04-09 13:47:26', '2024-04-09 13:47:38', 'Libro1c DAW '),
	(20, '47753AC9-42B1-4485-907C-8D8953935921', 'Hugos', 'DAS', 11, '2024-04-09 13:47:34', NULL, '2024-04-09 13:47:38', 'Hugos DAS '),
	(21, 'EA771488-6D5F-40F2-B6A9-E31FD7713AB1', 'Hugos', 'DAW', 12, '2024-04-09 13:53:51', '2024-04-09 13:55:18', '2024-04-09 14:20:15', 'Hugos DAW '),
	(22, '37560D1C-8017-4742-9E89-AB738E04E504', 'Hugos', 'DAW', 12, '2024-04-09 13:55:53', NULL, '2024-04-09 14:20:15', 'Hugos DAW '),
	(23, '4F5E6960-92D0-4DA4-A09F-4B95AA313B82', 'Hugos', 'DAS', 13, '2024-04-09 15:58:01', '2024-04-09 15:58:14', '2024-04-09 15:58:19', 'Hugos DAS '),
	(24, 'F56C5EC7-0938-4441-B03F-BE794C81E8C2', 'Base de Datos', 'BD', 15, '2024-04-16 07:46:36', NULL, NULL, 'Base de Datos BD '),
	(25, '31D1F0CA-0379-4080-B298-D45BFF562172', 'Entornos de Desarrollo', 'ED', 15, '2024-04-16 07:46:52', NULL, NULL, 'Entornos de Desarrollo ED '),
	(26, '48AE7923-D59D-4916-B8EF-63AE1460FFEF', 'Formación y orientación Laboral', 'FOL', 15, '2024-04-16 07:47:21', NULL, NULL, 'Formación y orientación Laboral FOL '),
	(27, '7CBF2013-DF49-47D4-928A-0616D9E0C3FC', 'Lenguaje de Marcas', 'LM', 15, '2024-04-16 07:47:35', NULL, NULL, 'Lenguaje de Marcas LM '),
	(28, '8FF4464A-714A-4873-B52F-92DAB4F42270', 'Programación', 'PROG', 15, '2024-04-16 07:47:57', NULL, NULL, 'Programación PROG '),
	(29, '1451E553-0FC9-483D-93C2-7BCC9B0DBC00', 'Sistemas Informáticos', 'SI', 15, '2024-04-16 07:48:20', NULL, NULL, 'Sistemas Informáticos SI '),
	(30, 'A975A7CF-F970-4FFB-A38B-5DD2D54B68BB', 'Desarrollo web en entorno cliente', 'DWC', 15, '2024-04-16 07:48:35', NULL, NULL, 'Desarrollo web en entorno cliente DWC '),
	(31, 'E3074FED-475C-4528-A1F1-11CA4951C1C0', 'Desarrollo web en entorno servidor', 'DWS ', 15, '2024-04-16 07:48:47', NULL, NULL, 'Desarrollo web en entorno servidor DWS  '),
	(32, '68BEE6A6-A1A9-42A3-88F7-B940500B234C', 'Despliegue de aplicaciones web', 'DAW ', 15, '2024-04-16 07:49:00', NULL, NULL, 'Despliegue de aplicaciones web DAW  '),
	(33, '2525E7BC-C34F-4190-B42D-918716C82981', 'Diseño de interfaces web', 'DIW ', 15, '2024-04-16 07:49:15', NULL, NULL, 'Diseño de interfaces web DIW  '),
	(34, 'A917F15A-5EA7-496A-89A4-E2EE183852DC', 'Empresa e iniciativa emprendedora', 'EIE ', 15, '2024-04-16 07:49:27', NULL, NULL, 'Empresa e iniciativa emprendedora EIE  '),
	(35, 'BDD166FE-9457-4397-B146-EFE5AEAB8826', 'Inglés técnico para grado superior', 'ITGS', 15, '2024-04-16 07:49:41', NULL, NULL, 'Inglés técnico para grado superior ITGS ');

-- Volcando estructura para tabla banco_libros.user
CREATE TABLE IF NOT EXISTS `user` (
  `id` int(11) unsigned NOT NULL AUTO_INCREMENT,
  `guid` char(36) NOT NULL,
  `email` varchar(255) NOT NULL,
  `password` varchar(255) NOT NULL,
  `created` timestamp NOT NULL DEFAULT current_timestamp(),
  `updated` timestamp NULL DEFAULT NULL,
  `deleted` timestamp NULL DEFAULT NULL,
  `token` varchar(500) DEFAULT NULL,
  `expiredate` timestamp NULL DEFAULT NULL,
  PRIMARY KEY (`id`)
) ENGINE=InnoDB AUTO_INCREMENT=3 DEFAULT CHARSET=utf8mb4 COLLATE=utf8mb4_general_ci;

-- Volcando datos para la tabla banco_libros.user: ~2 rows (aproximadamente)
INSERT INTO `user` (`id`, `guid`, `email`, `password`, `created`, `updated`, `deleted`, `token`, `expiredate`) VALUES
	(1, 'D0201930-85B5-4121-814B-2017FB44F321', 'hugo.sanchis@vidavia.com', '$2y$10$7T0KbkkZf8rJ4VJ5JI55Wu7WoDd3vlcYwdoKsoL5e8JZI4dikNxIu', '2024-03-15 15:07:57', NULL, NULL, 'dba20dd050a420342c9765f9606b3744bd421d61d6b4bb7885dee32d6a1b7693', '2024-04-17 07:28:55'),
	(2, '2FD1146E-D21B-4787-AEE1-72D3BE4E5D71', 'jose.sanchis@vidavia.com', '$2y$10$.w3dwJrGA3ol58g3IJFU8uN.QWxIpCtImMlM1sbfhsZTNP2tWGyvW', '2024-03-28 14:42:15', NULL, NULL, '98beece613f19732ae79c28eba776adacd0193f30d2c4a34b2844dd54a3c7ded', '2024-04-05 07:36:24');

-- Volcando estructura para tabla banco_libros.userprofile
CREATE TABLE IF NOT EXISTS `userprofile` (
  `id` int(11) NOT NULL AUTO_INCREMENT,
  `user_id` int(11) unsigned NOT NULL,
  `name` varchar(255) NOT NULL,
  `surnames` varchar(255) NOT NULL,
  `phone` varchar(250) DEFAULT NULL,
  `updated` timestamp NULL DEFAULT NULL,
  PRIMARY KEY (`id`),
  KEY `FK_usuario_id_usuarioperfil` (`user_id`) USING BTREE,
  CONSTRAINT `FK_usuario_id_usuarioperfil` FOREIGN KEY (`user_id`) REFERENCES `user` (`id`) ON DELETE CASCADE ON UPDATE CASCADE
) ENGINE=InnoDB AUTO_INCREMENT=3 DEFAULT CHARSET=utf8mb4 COLLATE=utf8mb4_general_ci;

-- Volcando datos para la tabla banco_libros.userprofile: ~2 rows (aproximadamente)
INSERT INTO `userprofile` (`id`, `user_id`, `name`, `surnames`, `phone`, `updated`) VALUES
	(1, 1, 'Hugo', 'Sanchis Belda', '665958525', '2024-04-11 08:51:44'),
	(2, 2, 'Jose', 'Sanchis', NULL, NULL);

/*!40103 SET TIME_ZONE=IFNULL(@OLD_TIME_ZONE, 'system') */;
/*!40101 SET SQL_MODE=IFNULL(@OLD_SQL_MODE, '') */;
/*!40014 SET FOREIGN_KEY_CHECKS=IFNULL(@OLD_FOREIGN_KEY_CHECKS, 1) */;
/*!40101 SET CHARACTER_SET_CLIENT=@OLD_CHARACTER_SET_CLIENT */;
/*!40111 SET SQL_NOTES=IFNULL(@OLD_SQL_NOTES, 1) */;
