-- --------------------------------------------------------
-- Host:                         127.0.0.1
-- Versión del servidor:         10.4.32-MariaDB - mariadb.org binary distribution
-- SO del servidor:              Win64
-- HeidiSQL Versión:             12.6.0.6765
-- --------------------------------------------------------

/*!40101 SET @OLD_CHARACTER_SET_CLIENT=@@CHARACTER_SET_CLIENT */;
/*!40101 SET NAMES utf8 */;
/*!50503 SET NAMES utf8mb4 */;
/*!40103 SET @OLD_TIME_ZONE=@@TIME_ZONE */;
/*!40103 SET TIME_ZONE='+00:00' */;
/*!40014 SET @OLD_FOREIGN_KEY_CHECKS=@@FOREIGN_KEY_CHECKS, FOREIGN_KEY_CHECKS=0 */;
/*!40101 SET @OLD_SQL_MODE=@@SQL_MODE, SQL_MODE='NO_AUTO_VALUE_ON_ZERO' */;
/*!40111 SET @OLD_SQL_NOTES=@@SQL_NOTES, SQL_NOTES=0 */;


-- Volcando estructura de base de datos para banco_libros
CREATE DATABASE IF NOT EXISTS `banco_libros` /*!40100 DEFAULT CHARACTER SET utf8mb4 COLLATE utf8mb4_general_ci */;
USE `banco_libros`;

-- Volcando estructura para tabla banco_libros.book
CREATE TABLE IF NOT EXISTS `book` (
  `id` int(11) unsigned NOT NULL AUTO_INCREMENT,
  `guid` char(36) NOT NULL,
  `name` varchar(255) NOT NULL,
  `isbn` varchar(50) NOT NULL,
  `enabled` tinyint(1) unsigned NOT NULL DEFAULT 1,
  `subject_id` int(11) unsigned NOT NULL,
  `stock` int(10) unsigned NOT NULL DEFAULT 0,
  `created` timestamp NOT NULL DEFAULT current_timestamp() ON UPDATE current_timestamp(),
  `updated` timestamp NULL DEFAULT NULL,
  `deleted` timestamp NULL DEFAULT NULL,
  `searchdata` text NOT NULL,
  PRIMARY KEY (`id`),
  KEY `FK_asignatura_id_libro` (`subject_id`) USING BTREE,
  CONSTRAINT `FK_asignatura_id_libro` FOREIGN KEY (`subject_id`) REFERENCES `subject` (`id`) ON DELETE CASCADE ON UPDATE CASCADE
) ENGINE=InnoDB AUTO_INCREMENT=61 DEFAULT CHARSET=utf8mb4 COLLATE=utf8mb4_general_ci;

-- Volcando datos para la tabla banco_libros.book: ~9 rows (aproximadamente)
INSERT INTO `book` (`id`, `guid`, `name`, `isbn`, `enabled`, `subject_id`, `stock`, `created`, `updated`, `deleted`, `searchdata`) VALUES
	(52, '3DB649EF-CF01-4CB5-A304-DFE8D3AAB931', 'Biologia y Geologia', '9788468049397', 1, 56, 30, '2024-04-17 14:16:01', NULL, NULL, 'Biologia y Geologia 9788468049397 '),
	(53, '9F1EA0DB-3D04-4D8C-AD2E-D6442B2E745E', 'Geografía e Historia', '8468058580', 1, 57, 30, '2024-04-17 14:16:56', NULL, NULL, 'Geografía e Historia 8468058580 '),
	(54, '718A344E-C8D0-47B4-8588-49A740B9F34F', 'Lengua Castellana y Literatura', '9788468285689', 1, 58, 30, '2024-04-17 14:17:57', NULL, NULL, 'Lengua Castellana y Literatura 9788468285689 '),
	(55, '4DF1678E-B7D4-4D57-B848-9D831E7253FC', 'Matemáticas', '9788468082608', 1, 59, 30, '2024-04-17 14:18:41', NULL, NULL, 'Matemáticas 9788468082608 '),
	(56, '727CAB46-720F-43EC-A7D2-82D8B97706DD', 'Ingles', '9780190514372', 1, 60, 30, '2024-04-17 14:19:27', NULL, NULL, 'Ingles 9780190514372 '),
	(57, '0C71D474-E184-4938-9830-10EA0E079F42', 'Física y Química', '9788421843635', 1, 61, 30, '2024-04-17 14:20:05', NULL, NULL, 'Física y Química 9788421843635 '),
	(58, 'F261473B-0979-4EAF-B4F6-08CE07BEE5EA', 'Base de Datos', '84-934895-3-0', 1, 62, 15, '2024-04-22 09:35:42', '2024-04-22 09:35:42', '2024-04-22 09:35:42', 'Base de Datos 84-934895-3-0 '),
	(59, 'E55A2290-7B10-4F15-9528-055CE3537FD1', 'Hugos', '84-934895-3-0', 1, 56, 1, '2024-04-22 09:40:07', '2024-04-22 09:40:07', '2024-04-22 09:40:07', 'Hugos 84-934895-3-0 '),
	(60, 'ACAA502B-B445-43D7-B75C-7B4CAF6FA039', 'Mathematics1', '84-934895-3-0', 1, 56, 5, '2024-04-23 14:11:15', NULL, NULL, 'Mathematics1 84-934895-3-0 ');

-- Volcando estructura para tabla banco_libros.copy
CREATE TABLE IF NOT EXISTS `copy` (
  `id` int(11) unsigned NOT NULL AUTO_INCREMENT,
  `guid` char(36) NOT NULL,
  `uniqid` varchar(50) NOT NULL,
  `state` tinyint(1) NOT NULL DEFAULT 0,
  `book_id` int(11) unsigned NOT NULL,
  `searchdata` text NOT NULL,
  `updated` timestamp NULL DEFAULT NULL,
  PRIMARY KEY (`id`),
  KEY `FK_libro_id_ejemplar` (`book_id`) USING BTREE,
  CONSTRAINT `FK_libro_id_ejemplar` FOREIGN KEY (`book_id`) REFERENCES `book` (`id`) ON DELETE CASCADE ON UPDATE CASCADE
) ENGINE=InnoDB AUTO_INCREMENT=625 DEFAULT CHARSET=utf8mb4 COLLATE=utf8mb4_general_ci;

-- Volcando datos para la tabla banco_libros.copy: ~201 rows (aproximadamente)
INSERT INTO `copy` (`id`, `guid`, `uniqid`, `state`, `book_id`, `searchdata`, `updated`) VALUES
	(424, '19DB526E-7333-4067-8122-85E02F6B99EB', '5792432652253', 4, 52, '5792432652253 ', '2024-04-22 08:50:18'),
	(425, '10A2425D-B9A3-42A7-B4B3-485C4F9D445D', '6974584721393', 4, 52, '6974584721393 ', '2024-04-19 14:50:39'),
	(426, '11D92131-9311-40F6-B1BC-3C79AE13CBFC', '9048169822626', 4, 52, '9048169822626 ', NULL),
	(427, '1D9FC37A-71D2-480B-A6D1-D9F7558842E9', '7851623935593', 4, 52, '7851623935593 ', NULL),
	(428, '8FAC76C4-68B0-4E21-887C-0A046DF8EA63', '1056637852090', 4, 52, '1056637852090 ', '2024-04-19 14:50:41'),
	(429, '188884F3-DD6F-441D-BF0E-F00DE5E99B3B', '1568617895703', 4, 52, '1568617895703 ', NULL),
	(430, 'BFE326B5-8EC2-4322-8E09-743BF85E56E8', '2116960322606', 4, 52, '2116960322606 ', NULL),
	(431, 'C8B6017F-680E-435B-B5D5-DD30120E6272', '7660725018566', 4, 52, '7660725018566 ', NULL),
	(432, '0A1746DA-6CFC-47C7-9462-2D8024D007DA', '1346918417674', 4, 52, '1346918417674 ', NULL),
	(433, 'ABF35241-4C43-471A-8858-4628D815DF10', '6341867538786', 4, 52, '6341867538786 ', NULL),
	(434, 'EE78F9D3-A216-487C-BC5D-5D29C3CFB5C8', '6308038380120', 4, 52, '6308038380120 ', NULL),
	(435, '5C4D5715-710E-4F9F-9843-7002DE5447D5', '4063789418558', 4, 52, '4063789418558 ', NULL),
	(436, 'EACBCD2C-050C-46F3-BA3B-72F15A1A3EE3', '3568238924965', 4, 52, '3568238924965 ', NULL),
	(437, '835BBF8E-3799-42D0-88CC-99BB033CFBE0', '1620624271710', 4, 52, '1620624271710 ', NULL),
	(438, '27FE734E-6875-4A4C-926B-9FC6BE943CD0', '6864947594607', 4, 52, '6864947594607 ', '2024-04-19 15:16:32'),
	(439, 'F33C46E4-125A-4897-9D4C-06740A98CB60', '7709496121422', 4, 52, '7709496121422 ', NULL),
	(440, '51A6A024-E19D-4F28-8036-CB4C5759259A', '4092855270184', 4, 52, '4092855270184 ', NULL),
	(441, '828270F4-2A03-44F1-BC7F-5742F0150B82', '0468486928264', 4, 52, '0468486928264 ', NULL),
	(442, '91B20277-831C-42B3-BEC3-74420D610B08', '0046844296695', 4, 52, '0046844296695 ', NULL),
	(443, 'FE288463-D5A5-46FE-BCF5-263C4BC47E21', '8867166009024', 4, 52, '8867166009024 ', NULL),
	(444, 'C0D50789-9816-4F4C-9C26-F601E02DB7DF', '2931001121678', 4, 52, '2931001121678 ', NULL),
	(445, '6853DA1E-F8E3-4512-B448-F199C34A0CD3', '7401125712755', 4, 52, '7401125712755 ', NULL),
	(446, '05C6FD08-467A-4094-8CF6-93E90B1BDCCD', '5454345548001', 4, 52, '5454345548001 ', NULL),
	(447, 'A3D792EB-D871-44E6-B578-FFA003FCE68B', '0958948570612', 4, 52, '0958948570612 ', NULL),
	(448, '5CFB1C00-3A2A-4042-AAA3-B0327FE64F9A', '6407956949202', 4, 52, '6407956949202 ', NULL),
	(449, '4A85E1A0-0592-416A-A50A-2CEE439BD9B8', '8039673272911', 4, 52, '8039673272911 ', NULL),
	(450, '88BDCE7F-76AD-4640-97FB-0199A6E78DCF', '0373467661103', 4, 52, '0373467661103 ', NULL),
	(451, '673E6794-E014-46EB-8CBD-8CDE3B024B2B', '5658339922356', 4, 52, '5658339922356 ', NULL),
	(452, '1F36067C-CA28-48B1-B1E0-1BE531BF7174', '4195080893087', 4, 52, '4195080893087 ', NULL),
	(453, '9D2CA98B-479E-44A2-9BB7-EF7076143C70', '1526255118410', 4, 52, '1526255118410 ', NULL),
	(454, 'B224F190-7D29-447E-BBF6-889E75145E57', '6177564132187', 4, 53, '6177564132187 ', NULL),
	(455, '9A0D2B19-3341-448F-ADF6-C707738F605A', '8008045970197', 0, 53, '8008045970197 ', '2024-04-19 11:13:54'),
	(456, 'D326B492-6B87-4133-AFE9-279866F47595', '0341670231189', 4, 53, '0341670231189 ', NULL),
	(457, '4A1D91EF-C664-429D-A470-81C441CDEA9F', '5691655344756', 4, 53, '5691655344756 ', NULL),
	(458, 'A4A09FF3-E876-47E2-A800-FD2541A05CF6', '0591787816132', 0, 53, '0591787816132 ', '2024-04-19 11:59:34'),
	(459, 'F13999B0-B11C-4E1C-9764-B03130265FB7', '9721576770000', 4, 53, '9721576770000 ', NULL),
	(460, '2B636BF5-6B9C-46A1-A577-FEAE8EA95D77', '8332456749452', 4, 53, '8332456749452 ', NULL),
	(461, '52F5E3FE-602D-40D1-8CAE-E539976D49BF', '5657002398409', 4, 53, '5657002398409 ', NULL),
	(462, 'C593555A-99DB-477B-A398-598D6E90E4EF', '0981234768579', 4, 53, '0981234768579 ', NULL),
	(463, 'D3954516-912F-460D-BD56-44A0BE4E3923', '4463775359360', 4, 53, '4463775359360 ', NULL),
	(464, '6F912ACE-D527-4179-AC2C-696DA9DBD7CE', '5110863191299', 4, 53, '5110863191299 ', NULL),
	(465, 'B4F8D1AC-3327-423D-A11C-89809033463B', '0347474078594', 4, 53, '0347474078594 ', NULL),
	(466, 'AC11388D-76F4-4F72-99F3-977B0C3A0F98', '8306580765621', 4, 53, '8306580765621 ', NULL),
	(467, '1D89E5EE-037B-47AC-9426-0590D2217ECC', '4376673562642', 4, 53, '4376673562642 ', NULL),
	(468, 'A44648CE-5CEE-473B-A352-E38459D77D53', '8535059711273', 4, 53, '8535059711273 ', NULL),
	(469, '23303156-5D55-4C09-AB1D-A158393D40A9', '8724303624566', 4, 53, '8724303624566 ', NULL),
	(470, 'A6533C38-5821-4F9E-BAD1-220422B1C6BA', '1381922023359', 4, 53, '1381922023359 ', NULL),
	(471, '2ACE4829-514A-42CD-B39F-B679D451E9E6', '5958118860617', 4, 53, '5958118860617 ', NULL),
	(472, 'E83DC285-FC3D-46C5-B1B8-127406E2B599', '3247417590348', 4, 53, '3247417590348 ', NULL),
	(473, '58D20DB4-AE65-4B9C-ACCC-78E184816141', '6068104901944', 4, 53, '6068104901944 ', NULL),
	(474, '0760D841-C04D-40EB-928C-EF7DB6886232', '4420046869571', 4, 53, '4420046869571 ', NULL),
	(475, '1041F8A0-53F5-461A-B90A-F5E2969A455D', '2718975254003', 4, 53, '2718975254003 ', NULL),
	(476, 'D4849543-144E-4900-8F87-3FF9D02B28DF', '7746311007802', 4, 53, '7746311007802 ', NULL),
	(477, '019ABD1E-F749-4C13-9211-25199FAF82D0', '1465622538362', 4, 53, '1465622538362 ', NULL),
	(478, '94E5DE56-01D4-4887-8CF4-62BD2F2BBA35', '5841160442662', 4, 53, '5841160442662 ', NULL),
	(479, 'A3F0F12F-1F32-4185-8FD8-492019F1BACB', '4033552329518', 4, 53, '4033552329518 ', NULL),
	(480, '90375406-53AE-4BE8-BA33-60BA7188FAD0', '4190653921523', 4, 53, '4190653921523 ', NULL),
	(481, 'EFFCB7DE-4954-49A8-AD65-FDE41C291A5F', '9330717422146', 4, 53, '9330717422146 ', NULL),
	(482, 'F0F977A3-CACB-415F-8B1B-27FBD954B8EB', '7460178591822', 4, 53, '7460178591822 ', NULL),
	(483, '71FBBC55-0803-4E70-94B0-E294658210B6', '8878042229507', 4, 53, '8878042229507 ', NULL),
	(484, '82E359E6-E70A-4ED1-94FE-1C3055996FF3', '6608048440913', 4, 54, '6608048440913 ', NULL),
	(485, 'B64CAA9E-3896-4E52-A278-8B900E8A599A', '2379386660687', 0, 54, '2379386660687 ', '2024-04-19 11:22:38'),
	(486, '71820692-62DA-440E-9CAE-8D5A5965697A', '7761909661197', 4, 54, '7761909661197 ', NULL),
	(487, '8DC93721-FB2F-43E3-A5B6-0550D792FB23', '1478102861145', 4, 54, '1478102861145 ', NULL),
	(488, '783C8574-0C3B-4A96-8CB7-3A6194A0A3BF', '7714324133463', 0, 54, '7714324133463 ', '2024-04-19 11:59:43'),
	(489, 'B3710746-8012-4356-8BAC-E4ECF87B6FAC', '8395476101335', 4, 54, '8395476101335 ', NULL),
	(490, '108C8D75-54F5-4DC2-BB7A-5B9C78589A9A', '4938987916319', 4, 54, '4938987916319 ', NULL),
	(491, '1699EC53-3B10-4E32-9738-AD82235C4ECE', '8035583118094', 4, 54, '8035583118094 ', NULL),
	(492, 'ED08475D-57F0-451B-A3DC-12E3A75212F9', '6514070464213', 4, 54, '6514070464213 ', NULL),
	(493, 'A9A7B1C5-9A2A-4754-A24B-AF9D3EAC1851', '1518314967628', 4, 54, '1518314967628 ', NULL),
	(494, 'B33A5A25-35F1-4B65-AAE3-77A36DB749B4', '0327964962930', 4, 54, '0327964962930 ', NULL),
	(495, '566CE5A6-A9F2-498C-BFD6-7F09FDF3A310', '8858735949295', 4, 54, '8858735949295 ', NULL),
	(496, '479B2D33-1100-4BFE-BB96-17F65C79098C', '1959884231461', 4, 54, '1959884231461 ', NULL),
	(497, '5D0D14E2-162E-4D0F-BBD5-81DF058D7360', '0029204050389', 4, 54, '0029204050389 ', NULL),
	(498, '915EDC6E-5E94-48E6-B42F-BFB76C96FE7F', '3833733337347', 4, 54, '3833733337347 ', NULL),
	(499, '3D17207C-7AC6-4A45-8CDF-7669D69F1E3A', '2652022823408', 4, 54, '2652022823408 ', NULL),
	(500, '41F9C931-E298-4D72-B7CE-567EE5ECB138', '4237200308694', 4, 54, '4237200308694 ', NULL),
	(501, '32FB8877-882C-442D-B9FC-3E261A0EC21F', '7453521945556', 4, 54, '7453521945556 ', NULL),
	(502, '259A4AE6-F7DF-4B56-96B7-770D44847D52', '7644116624843', 4, 54, '7644116624843 ', NULL),
	(503, '6D889455-AF17-46F7-95A5-856B3E5D4632', '3538186335079', 4, 54, '3538186335079 ', NULL),
	(504, 'E3B4AAE2-5A13-4240-8EAB-25FC4EDB4997', '5750545217829', 4, 54, '5750545217829 ', NULL),
	(505, '089D7113-82CD-4ED8-A266-EB7EE3C98BD0', '1740439544708', 4, 54, '1740439544708 ', NULL),
	(506, 'C3E67045-1815-4667-90B3-03AD2D8578E0', '3870869984080', 4, 54, '3870869984080 ', NULL),
	(507, '0D59AD25-67C2-4FAD-A361-8CFE6DF7ABA5', '3379600723735', 4, 54, '3379600723735 ', NULL),
	(508, 'A9725630-A824-4E33-91C4-DCB437B1B479', '8697489845355', 4, 54, '8697489845355 ', NULL),
	(509, '88E91712-8A09-4A11-AF33-D080D1CCF508', '6596927447519', 4, 54, '6596927447519 ', NULL),
	(510, 'CE564FA9-A0DC-4496-90A4-6A3865174EDB', '4975383591795', 4, 54, '4975383591795 ', NULL),
	(511, '141AFE51-7811-4127-BFF6-0FEB0DD61657', '5858723551160', 4, 54, '5858723551160 ', NULL),
	(512, '80345FFB-0DB1-4B26-B138-82230D88DAF2', '0749886075935', 4, 54, '0749886075935 ', NULL),
	(513, 'DAE93C8E-4BF4-4875-9106-04D87B15E4CB', '7901906564370', 4, 54, '7901906564370 ', NULL),
	(514, 'BA684A14-06A1-406B-86BD-6C7788951559', '8094125930411', 4, 55, '8094125930411 ', NULL),
	(515, '1FB97956-315D-419C-95D7-1AD4EF6B76BF', '1992006321056', 4, 55, '1992006321056 ', '2024-04-19 11:23:39'),
	(516, 'DF9A3B58-0931-462D-9FD0-6A15C9F43CB5', '3714387476819', 4, 55, '3714387476819 ', NULL),
	(517, '38005983-B393-458E-BBF8-728F2FC86C66', '3010890506046', 4, 55, '3010890506046 ', NULL),
	(518, '162ACBC2-9656-47C9-AD34-6EEB49E9BD6D', '8480000706744', 4, 55, '8480000706744 ', '2024-04-19 13:51:36'),
	(519, 'BB7024D0-5A72-482F-A375-5C62228B592A', '9400444299953', 4, 55, '9400444299953 ', NULL),
	(520, '284FB2FD-DF57-4FB4-B7E2-4F7E4C008176', '1931156890640', 4, 55, '1931156890640 ', NULL),
	(521, '821E887C-F5D1-41D3-BCD0-383FD6AA9C65', '4832332110825', 4, 55, '4832332110825 ', NULL),
	(522, '0FC4E255-F64F-473D-9B0F-6151B91AB31B', '0135224087231', 4, 55, '0135224087231 ', NULL),
	(523, '586627D8-F331-468E-8F65-A1A818ABD2F7', '0215959863269', 4, 55, '0215959863269 ', NULL),
	(524, '59236D70-CA88-48D0-BD82-A2BC712BB6D4', '2157846612795', 4, 55, '2157846612795 ', NULL),
	(525, 'A9A298C0-7A1E-4AF8-A69D-300D4ECF7266', '1594552997396', 4, 55, '1594552997396 ', NULL),
	(526, 'F9B58F28-F343-47F5-B4AD-A65600345E11', '3313875987546', 4, 55, '3313875987546 ', NULL),
	(527, '964DE8C8-DE53-4B00-BFD9-CAD62AFA8794', '3714750433733', 4, 55, '3714750433733 ', NULL),
	(528, '4452D8E2-D676-4841-89FE-E2665E7CEB4B', '5454635110768', 4, 55, '5454635110768 ', NULL),
	(529, '7DC5E7EF-4705-44CE-8B5B-63A2ADFDE5EA', '1341472390304', 4, 55, '1341472390304 ', NULL),
	(530, '3880FFAF-CC78-48C6-AE5F-FED4EB60262B', '7648522788077', 4, 55, '7648522788077 ', NULL),
	(531, 'AA9908D2-E742-44F0-A31C-C4E164B6793A', '9847949587655', 4, 55, '9847949587655 ', NULL),
	(532, 'DEC08693-1A08-411E-AA33-B7EC1C550CFF', '1976662834813', 4, 55, '1976662834813 ', NULL),
	(533, '5BB87091-6029-43C2-BD03-894427A8D9F7', '6902974434697', 4, 55, '6902974434697 ', NULL),
	(534, 'BCA12476-E440-49F9-908C-85C5B867AFA9', '2904001461188', 4, 55, '2904001461188 ', NULL),
	(535, 'CB3F3C67-676B-48F0-9029-DBFCFBB44618', '1010916569655', 4, 55, '1010916569655 ', NULL),
	(536, '8DACED64-0AC4-4458-B5C9-3579F025CF35', '9706054548219', 4, 55, '9706054548219 ', NULL),
	(537, 'ACE13DBC-33AD-4982-9C85-28D1BBF0C80A', '2662520095510', 4, 55, '2662520095510 ', NULL),
	(538, '5496A964-9B87-4C87-AE8E-58FC0ED26D71', '5556217018145', 4, 55, '5556217018145 ', NULL),
	(539, '2859B8FC-78ED-4600-96B1-A8627885EBAC', '1421945806076', 4, 55, '1421945806076 ', NULL),
	(540, 'EA87CD24-A47D-49E6-9F3B-07196382F6B0', '0631605058789', 4, 55, '0631605058789 ', NULL),
	(541, '28DF7C73-F442-4D7C-9C68-D579D0D22C15', '2497265432680', 4, 55, '2497265432680 ', NULL),
	(542, '251FF6B4-C6C8-411C-B63C-B2D3D14C9865', '1252906559365', 4, 55, '1252906559365 ', NULL),
	(543, '67D5C08F-BBF8-4640-B698-46FC66917A28', '5472264934020', 4, 55, '5472264934020 ', NULL),
	(544, '671455AE-C781-439B-97F5-E69CC915B6C8', '0187326596878', 4, 56, '0187326596878 ', NULL),
	(545, '506C7CAD-DD44-4A89-9EE4-0BCB967A29A0', '8410128891169', 0, 56, '8410128891169 ', '2024-04-22 15:43:55'),
	(546, '587376C2-7353-4FA0-8C03-31A821A70C63', '4427463867375', 4, 56, '4427463867375 ', NULL),
	(547, '972738E7-873D-4FAC-99C4-2F62547AE72D', '3260643822361', 4, 56, '3260643822361 ', NULL),
	(548, '01473981-0975-4367-86B3-E0F4BE35A811', '2103421416044', 4, 56, '2103421416044 ', NULL),
	(549, 'B2BBE8FC-F486-40F3-B4E4-52F4AD8B7471', '4458415136799', 4, 56, '4458415136799 ', NULL),
	(550, '33864CEC-657C-4053-A443-1553348AFAC3', '5648247772681', 4, 56, '5648247772681 ', NULL),
	(551, 'F6D1CED0-493B-41BD-A1C8-17ACA2929984', '2487943618069', 4, 56, '2487943618069 ', NULL),
	(552, '2BCC723D-3895-4406-B207-1DA42D592922', '5612662700951', 4, 56, '5612662700951 ', NULL),
	(553, '41B3C09E-F0A0-45CB-BFD7-C3E73FFC02C6', '1120779621556', 4, 56, '1120779621556 ', NULL),
	(554, '98FCDCDC-0290-4465-8BF3-421705156EAE', '4419140558343', 4, 56, '4419140558343 ', NULL),
	(555, 'A0678A42-FA9C-4396-A372-8DEAA9A5040F', '4918748556188', 4, 56, '4918748556188 ', NULL),
	(556, '8F16C2E1-4817-4013-98B1-A71E2BCC7108', '5656367147702', 4, 56, '5656367147702 ', NULL),
	(557, 'B7E04046-B3DE-4B64-8288-90B6F05764BF', '1511134308601', 4, 56, '1511134308601 ', NULL),
	(558, 'F8EE4032-504F-49D4-AF69-BB100BAE258B', '8851345010040', 4, 56, '8851345010040 ', NULL),
	(559, 'B70ACF32-6C4C-44E1-BB6E-3CA7B2FCE168', '5636978964739', 4, 56, '5636978964739 ', NULL),
	(560, '48C99F8F-FACA-45B4-8050-9FAA33506987', '7154839572472', 4, 56, '7154839572472 ', NULL),
	(561, '472EAD4E-3F10-45CB-90AE-6D32C524FDC3', '0277572638600', 4, 56, '0277572638600 ', NULL),
	(562, '3F161404-755F-4ECB-933B-AD66599B94FB', '8724221251491', 4, 56, '8724221251491 ', NULL),
	(563, 'A0A6C23C-B995-49DB-B77B-BE4861AF9DF6', '3643131848686', 4, 56, '3643131848686 ', NULL),
	(564, '6AAAAE92-B37F-4814-9B5C-CCEBCF794608', '2750682539547', 4, 56, '2750682539547 ', NULL),
	(565, 'F282062E-0446-4B1C-B388-58FBDD21ACA3', '8138448836804', 4, 56, '8138448836804 ', NULL),
	(566, '160917E3-ABAA-4D1D-9AD0-496D0DE93C43', '4102980356962', 4, 56, '4102980356962 ', NULL),
	(567, '5F176815-6586-4E1E-B2C0-065DD5364176', '2695165785599', 4, 56, '2695165785599 ', NULL),
	(568, 'DD2F78E2-929F-4B76-84C9-32703FCAAF5C', '0321586766920', 4, 56, '0321586766920 ', NULL),
	(569, 'BA649C7C-15AB-43E2-9C53-52A931CACD13', '8506541313548', 4, 56, '8506541313548 ', NULL),
	(570, 'A11FA27F-E4BE-4798-838E-600AA98B77C7', '0348915496971', 4, 56, '0348915496971 ', NULL),
	(571, 'E49E2501-B96F-44F9-AED8-76402CB0717A', '6196390462848', 4, 56, '6196390462848 ', NULL),
	(572, 'F735A6EC-CABD-4FB5-B181-AA01C694420B', '0911559578424', 4, 56, '0911559578424 ', NULL),
	(573, '33E10AF7-C464-4BB3-867E-A14EE113F7BC', '7207712468294', 4, 56, '7207712468294 ', NULL),
	(574, '471CB6E8-99C0-493B-8B7F-EC40D1318BC4', '4732609123620', 4, 57, '4732609123620 ', NULL),
	(575, '9DD10742-9295-4CF1-BC90-2DB53326D289', '8823314845133', 4, 57, '8823314845133 ', '2024-04-19 11:24:11'),
	(576, '055CAC29-B561-4991-B4D1-F660B796CE2D', '3979080637120', 4, 57, '3979080637120 ', NULL),
	(577, '8BF8D2BF-7B4D-42F7-B43F-EA294C92A6B1', '1386117359661', 4, 57, '1386117359661 ', NULL),
	(578, '361A489B-33FC-493E-88DF-594FB476230C', '9416307470535', 4, 57, '9416307470535 ', NULL),
	(579, '4ACA5564-519C-41F3-A155-5DF6D632889C', '9638586979939', 4, 57, '9638586979939 ', NULL),
	(580, '5DBB7012-C26A-46D4-A455-DDD6E8A4A5F1', '7858192613044', 4, 57, '7858192613044 ', NULL),
	(581, '381AC212-4051-4C4E-A9E8-AEDFCA9511E7', '4271271481938', 4, 57, '4271271481938 ', NULL),
	(582, '813638E3-CDBE-4B00-B885-9845F2F3157E', '9688550567810', 4, 57, '9688550567810 ', NULL),
	(583, '4FE8EC87-523F-4546-8F2E-30351119EC63', '7541219155469', 4, 57, '7541219155469 ', NULL),
	(584, '388B70C9-C428-4DF5-841A-86012CFDD884', '7766075982123', 4, 57, '7766075982123 ', NULL),
	(585, '89078489-3F40-43BC-B43C-E7A371D89144', '0033972278862', 4, 57, '0033972278862 ', NULL),
	(586, 'AD69BCDD-13A9-4135-9FE1-FC0135F579A2', '3209299819649', 4, 57, '3209299819649 ', NULL),
	(587, '53C2D0DA-2488-4D3B-967E-DBED4350B667', '2875222393572', 4, 57, '2875222393572 ', NULL),
	(588, '09B62603-E6B2-4127-A69A-CAB6E013F0D4', '0270903224199', 4, 57, '0270903224199 ', NULL),
	(589, '04216303-A0DC-4C16-A695-CDBD2586D86E', '4622201073842', 4, 57, '4622201073842 ', NULL),
	(590, '16177912-9259-4147-84CA-54B4B005B4CB', '8752915348045', 4, 57, '8752915348045 ', NULL),
	(591, '7E33CBE3-028F-4EA3-B175-1B8A3497C2EC', '4212384726164', 4, 57, '4212384726164 ', NULL),
	(592, '6F478C97-2A77-408C-808B-BD1D6633EDD9', '6189872165682', 4, 57, '6189872165682 ', NULL),
	(593, '5792612B-71E4-4884-B0A8-AD45A9550BA7', '3214289374129', 4, 57, '3214289374129 ', NULL),
	(594, 'EDF67D90-1B79-4C9D-89DC-157E24A81BFE', '7292039272336', 4, 57, '7292039272336 ', NULL),
	(595, '8A6DCDF1-F231-4B71-89CF-E01306EC48FD', '3278304955610', 4, 57, '3278304955610 ', NULL),
	(596, '7F692B54-7609-4263-ACF9-6B05014592F9', '0687175237672', 4, 57, '0687175237672 ', NULL),
	(597, '86484BA4-F9DA-4A16-A357-426B74B88CC6', '2599158694213', 4, 57, '2599158694213 ', NULL),
	(598, 'E5739AB6-AADE-45A4-BB7A-5E75927211E5', '6516446121779', 4, 57, '6516446121779 ', NULL),
	(599, 'D284FD7A-F498-47B1-9D79-4441DE046572', '2274025079978', 4, 57, '2274025079978 ', NULL),
	(600, 'A067B229-440C-4036-A48F-F693CE7B56EC', '1279648605414', 4, 57, '1279648605414 ', NULL),
	(601, '04A7ABCA-85F8-4B2D-BE80-A2BD790E2E78', '0952325977334', 4, 57, '0952325977334 ', NULL),
	(602, '28D8BA61-6DBA-46B0-A160-5B8AA1DFE7FB', '8020773753407', 4, 57, '8020773753407 ', NULL),
	(603, '09CA14BE-3818-4C47-A345-ABE6005D0708', '5963789484595', 4, 57, '5963789484595 ', NULL),
	(604, 'B7D93029-1D51-42BB-9D7D-F6F1112C906A', '6514666193084', 4, 58, '6514666193084 ', '2024-04-19 14:21:31'),
	(605, 'F2C6A72B-835C-4DD0-9A8A-F0A77D7B0CAB', '2335919786508', 4, 58, '2335919786508 ', NULL),
	(606, '9C5B75EB-8517-449E-AB31-5AE7A3FAD7CF', '7080306235434', 4, 58, '7080306235434 ', NULL),
	(607, 'AD83F899-3C5B-40DD-A769-61FEBDD1DFCB', '3778187262028', 4, 58, '3778187262028 ', NULL),
	(608, '7FDA5D6E-9AB9-4EDC-AD55-A6ED24D1FAD7', '2883497470460', 4, 58, '2883497470460 ', NULL),
	(609, 'D7D16C46-695C-4D99-A175-7613CD3C35A0', '8853279710432', 4, 58, '8853279710432 ', NULL),
	(610, '05E6FE06-BE65-411C-8A69-860F42DD39D9', '9297982313186', 4, 58, '9297982313186 ', NULL),
	(611, '205BE322-984A-4823-8493-58E98C15A6DB', '6604538085611', 4, 58, '6604538085611 ', NULL),
	(612, '432BBD9B-0F72-449A-B4AB-458BF68E07D8', '3465055895141', 4, 58, '3465055895141 ', NULL),
	(613, 'B8552E71-6F29-4205-9E78-81039428F798', '8852207033663', 4, 58, '8852207033663 ', NULL),
	(614, '29064ECE-0B27-4076-9832-46F04E1E43A6', '2226876705750', 4, 58, '2226876705750 ', NULL),
	(615, '568EFD5C-522F-4FC0-A776-BD351F9DB15F', '9085936820448', 4, 58, '9085936820448 ', NULL),
	(616, '3738E9CF-BEB1-4398-B83D-9CC20340325A', '7117370971892', 4, 58, '7117370971892 ', NULL),
	(617, 'A51D46FD-F889-48D0-B4B4-8C58C4199204', '2911838531349', 4, 58, '2911838531349 ', NULL),
	(618, '1B8C90CE-0951-46CE-B33B-85C40D499F1B', '9281876878785', 4, 58, '9281876878785 ', NULL),
	(619, 'EEC00DF5-DE1B-4A42-A18C-9C15EE09113D', '6800642067799', 4, 59, '6800642067799 ', NULL),
	(620, '915A12A9-4A7B-438E-ADB0-A9A2AF405BD6', '6996729962159', 4, 60, '6996729962159 ', NULL),
	(621, 'ED2451F5-2F4C-4470-B905-C7F1F45CB486', '5918188201515', 4, 60, '5918188201515 ', NULL),
	(622, '79A5CCCE-EFC9-4755-BEA3-CAF12CF923A7', '4954227254472', 4, 60, '4954227254472 ', NULL),
	(623, 'A61A242D-B20D-4A44-A956-3D3F03239EA1', '1034907554009', 4, 60, '1034907554009 ', NULL),
	(624, 'BDDDE72A-1C7E-4689-A842-FA7B268621C1', '0673964406625', 4, 60, '0673964406625 ', NULL);

-- Volcando estructura para tabla banco_libros.course
CREATE TABLE IF NOT EXISTS `course` (
  `id` int(11) unsigned NOT NULL AUTO_INCREMENT,
  `guid` char(36) NOT NULL,
  `name` varchar(255) NOT NULL,
  `abbr` varchar(10) NOT NULL,
  `season` varchar(50) NOT NULL,
  `searchdata` text NOT NULL,
  `created` timestamp NOT NULL DEFAULT current_timestamp(),
  `updated` timestamp NULL DEFAULT NULL,
  `deleted` timestamp NULL DEFAULT NULL,
  PRIMARY KEY (`id`)
) ENGINE=InnoDB AUTO_INCREMENT=28 DEFAULT CHARSET=utf8mb4 COLLATE=utf8mb4_general_ci;

-- Volcando datos para la tabla banco_libros.course: ~2 rows (aproximadamente)
INSERT INTO `course` (`id`, `guid`, `name`, `abbr`, `season`, `searchdata`, `created`, `updated`, `deleted`) VALUES
	(26, 'FCDE907F-B636-40DA-85E5-73EC0FB55406', '1º Educación Secundaria Obligatoria', '1º ESO', '23-24', '1º Educación Secundaria Obligatoria 1º ESO ', '2024-04-17 14:05:47', '2024-04-17 14:06:08', NULL),
	(27, '44D99ED3-DC52-417D-AE7C-F464261F092A', 'Desarrollo de Aplicaciones Web', 'DAW', '23-24', 'Desarrollo de Aplicaciones Web DAW ', '2024-04-19 14:07:52', '2024-04-19 14:07:58', NULL);

-- Volcando estructura para tabla banco_libros.history
CREATE TABLE IF NOT EXISTS `history` (
  `id` int(11) unsigned NOT NULL AUTO_INCREMENT,
  `guid` char(36) NOT NULL DEFAULT '',
  `copy_id` int(11) unsigned NOT NULL,
  `subject_id` int(11) unsigned NOT NULL,
  `student_id` int(11) unsigned NOT NULL,
  `initialstate` tinyint(1) NOT NULL DEFAULT 5,
  `finalstate` tinyint(1) DEFAULT NULL,
  `initialdate` timestamp NOT NULL DEFAULT current_timestamp() ON UPDATE current_timestamp(),
  `finaldate` timestamp NULL DEFAULT NULL,
  `observations` varchar(255) DEFAULT NULL,
  `updated` timestamp NULL DEFAULT NULL,
  PRIMARY KEY (`id`),
  KEY `FK_ejemplar_id_historial` (`copy_id`) USING BTREE,
  KEY `FK_student_id_historial` (`student_id`),
  KEY `FK_curso_id_historial` (`subject_id`) USING BTREE,
  CONSTRAINT `FK_ejemplar_id_historial` FOREIGN KEY (`copy_id`) REFERENCES `copy` (`id`) ON DELETE CASCADE ON UPDATE CASCADE,
  CONSTRAINT `FK_student_id_historial` FOREIGN KEY (`student_id`) REFERENCES `student` (`id`) ON DELETE CASCADE ON UPDATE CASCADE,
  CONSTRAINT `FK_subject_id_historial` FOREIGN KEY (`subject_id`) REFERENCES `subject` (`id`) ON DELETE CASCADE ON UPDATE CASCADE
) ENGINE=InnoDB AUTO_INCREMENT=99 DEFAULT CHARSET=utf8mb4 COLLATE=utf8mb4_general_ci;

-- Volcando datos para la tabla banco_libros.history: ~34 rows (aproximadamente)
INSERT INTO `history` (`id`, `guid`, `copy_id`, `subject_id`, `student_id`, `initialstate`, `finalstate`, `initialdate`, `finaldate`, `observations`, `updated`) VALUES
	(62, '9D00FCA3-79D3-4A4F-8938-588CA7B53B87', 424, 56, 38, 5, NULL, '2024-04-17 14:53:26', NULL, NULL, NULL),
	(63, 'AFFCD792-74CF-41E8-835C-7D418A258A87', 454, 57, 38, 5, NULL, '2024-04-17 14:53:26', NULL, NULL, NULL),
	(64, '101B3839-CD72-44C4-BB01-364EFB77A3C0', 484, 58, 38, 5, NULL, '2024-04-17 14:53:26', NULL, NULL, NULL),
	(65, 'E95EF20C-9DB8-41D0-AA7D-B4F851628836', 514, 59, 38, 5, NULL, '2024-04-17 14:53:26', NULL, NULL, NULL),
	(66, 'FC4A9D01-413D-4DAB-A230-E3D9EB97B7BB', 544, 60, 38, 5, NULL, '2024-04-17 14:53:26', NULL, NULL, NULL),
	(67, 'BF490F16-2D85-4F60-9912-0AED5E12801D', 574, 61, 38, 5, NULL, '2024-04-17 14:53:26', NULL, NULL, NULL),
	(68, 'CAE13AF4-642E-4730-A2DA-DA78C25269DA', 455, 57, 39, 5, 0, '2024-04-19 11:13:54', '2024-04-19 11:13:54', 'HUgo TEST', NULL),
	(69, '0044EBBE-465B-4AD7-8D9B-A0CA3B1BD082', 485, 58, 39, 5, 0, '2024-04-19 11:22:38', '2024-04-19 11:22:38', 'wqeqw', NULL),
	(70, '28848E4C-4017-4679-A4AC-FD00355D9652', 515, 59, 39, 5, 0, '2024-04-19 11:23:39', '2024-04-19 11:23:39', 'g', NULL),
	(71, '00DA68A4-F000-4BF7-89F3-C45AC5C7DFDE', 425, 56, 39, 5, 0, '2024-04-19 11:25:06', '2024-04-19 11:25:06', 'sadasd\n', NULL),
	(72, '8EACF1C7-D97B-4F69-B7A5-7ECBDB50667D', 545, 60, 39, 5, 1, '2024-04-19 11:24:55', '2024-04-19 11:24:55', 'sd\n', NULL),
	(73, 'FB1C0D78-A2CD-4B49-8595-152E8A131277', 575, 61, 39, 5, 4, '2024-04-19 11:24:11', '2024-04-19 11:24:11', '2222', NULL),
	(74, '9D7A7A51-BB77-4378-BE6D-FB9D4CD47E8F', 426, 56, 40, 5, NULL, '2024-04-17 15:04:39', NULL, NULL, NULL),
	(75, '992811EC-E4C2-45F5-9781-D81C407EA476', 456, 57, 40, 5, NULL, '2024-04-17 15:04:39', NULL, NULL, NULL),
	(76, '16CAEBA2-5ED6-433F-B4C9-A004B920AAC0', 486, 58, 40, 5, NULL, '2024-04-17 15:04:39', NULL, NULL, NULL),
	(77, 'B295C57A-AA05-4CC2-A52F-51B0564693A9', 516, 59, 40, 5, NULL, '2024-04-17 15:04:39', NULL, NULL, NULL),
	(78, 'BEBE8889-A4C9-4E3D-B4DA-F4D6120B33FE', 546, 60, 40, 5, NULL, '2024-04-17 15:04:39', NULL, NULL, NULL),
	(79, '9A97A39F-9E96-41A2-933B-B88BD10C0E92', 576, 61, 40, 5, NULL, '2024-04-17 15:04:39', NULL, NULL, NULL),
	(80, '610CAC81-8657-43B8-BA1E-60B80232F465', 427, 56, 41, 5, NULL, '2024-04-17 15:04:45', NULL, NULL, NULL),
	(81, '39FD8ABD-3954-413E-A94B-752421A61363', 457, 57, 41, 5, NULL, '2024-04-17 15:04:45', NULL, NULL, NULL),
	(82, '6E34B1D0-7F5A-4E6B-8A3A-1B2661994ABB', 487, 58, 41, 5, NULL, '2024-04-17 15:04:45', NULL, NULL, NULL),
	(83, '4455B107-34A3-4D30-8BD5-1CBBE5EC517B', 517, 59, 41, 5, NULL, '2024-04-17 15:04:45', NULL, NULL, NULL),
	(84, '4991583C-9BD0-49A7-82A0-87B600C38C92', 547, 60, 41, 5, NULL, '2024-04-17 15:04:45', NULL, NULL, NULL),
	(86, '3C635B33-FF65-4DB4-9D33-AA002764F54F', 428, 56, 39, 5, 3, '2024-04-19 11:52:08', '2024-04-19 11:52:08', '', NULL),
	(87, 'C6C7BB55-BA80-43C4-B0FA-ECA3E94208AF', 458, 57, 39, 5, 0, '2024-04-19 11:59:34', '2024-04-19 11:59:34', 'jju', NULL),
	(88, 'DA3CC146-F3EF-4E30-9BCA-1843276007F5', 488, 58, 39, 5, 0, '2024-04-19 11:59:43', '2024-04-19 11:59:43', '2025252', NULL),
	(89, 'E9D8D03F-D87A-415F-BA8C-C66530D17FEC', 518, 59, 39, 5, 1, '2024-04-19 13:51:36', '2024-04-19 13:51:36', 'sdfg', NULL),
	(90, '444C5178-7387-4069-ABDE-573C054EFD98', 545, 60, 39, 1, 3, '2024-04-22 15:22:41', '2024-04-22 15:22:41', '33', NULL),
	(91, 'F2B8BC27-094D-4907-A269-51B93D5BCCDB', 575, 61, 39, 4, NULL, '2024-04-19 11:51:26', NULL, NULL, NULL),
	(92, 'BDD59950-EB6B-46C7-A24A-71440D4EACD8', 428, 56, 39, 3, NULL, '2024-04-19 12:01:21', NULL, NULL, NULL),
	(93, 'C0C1B49E-04F3-42C5-A8E3-16338F34DEF0', 459, 57, 39, 5, NULL, '2024-04-19 12:01:21', NULL, NULL, NULL),
	(94, 'E879E549-6CEC-4704-93C3-BF6AC5222BE5', 489, 58, 39, 5, NULL, '2024-04-19 12:01:21', NULL, NULL, NULL),
	(95, 'FCE7559E-01D5-4272-A8F5-E353919580FD', 604, 62, 42, 5, 4, '2024-04-19 14:21:31', '2024-04-19 14:21:31', 'This brken', NULL),
	(96, '485E965D-051C-495B-A4AB-4AD3AB71A648', 515, 59, 39, 4, NULL, '2024-04-22 15:21:50', NULL, NULL, NULL),
	(97, 'A9731EBF-B4E2-4448-ABBB-7833104AB314', 545, 60, 39, 3, 0, '2024-04-22 15:43:55', '2024-04-22 15:43:55', 'DIE', NULL),
	(98, 'BA9ABAB6-C8F2-4652-86B0-6AD0CA6F8FCF', 548, 60, 39, 4, NULL, '2024-04-22 15:44:06', NULL, NULL, NULL);

-- Volcando estructura para tabla banco_libros.student
CREATE TABLE IF NOT EXISTS `student` (
  `id` int(11) unsigned NOT NULL AUTO_INCREMENT,
  `guid` char(36) NOT NULL,
  `nia` int(8) unsigned NOT NULL,
  `created` timestamp NOT NULL DEFAULT current_timestamp(),
  `updated` timestamp NULL DEFAULT NULL,
  `deleted` timestamp NULL DEFAULT NULL,
  `createdby` int(11) unsigned NOT NULL,
  `searchdata` text NOT NULL,
  PRIMARY KEY (`id`) USING BTREE,
  KEY `FK_createdby_alumno` (`createdby`),
  CONSTRAINT `FK_createdby_alumno` FOREIGN KEY (`createdby`) REFERENCES `user` (`id`) ON DELETE CASCADE ON UPDATE CASCADE
) ENGINE=InnoDB AUTO_INCREMENT=49 DEFAULT CHARSET=utf8mb4 COLLATE=utf8mb4_general_ci;

-- Volcando datos para la tabla banco_libros.student: ~11 rows (aproximadamente)
INSERT INTO `student` (`id`, `guid`, `nia`, `created`, `updated`, `deleted`, `createdby`, `searchdata`) VALUES
	(38, 'E981CDB9-4017-496A-B16B-CC3584082B30', 96326636, '2024-04-17 14:22:14', NULL, NULL, 1, '96326636 '),
	(39, '12240A91-70FF-49C4-B458-1F759AF30C52', 96326632, '2024-04-17 14:23:19', NULL, NULL, 1, '96326632 '),
	(40, '48A5678E-3177-4FF4-B9CE-1AFBB7BE19EF', 96326633, '2024-04-17 14:23:41', NULL, NULL, 1, '96326633 '),
	(41, '1C22D67C-94D2-4430-857E-77813C21C3D3', 96326631, '2024-04-17 14:24:05', NULL, NULL, 1, '96326631 '),
	(42, '030D5938-CE6F-48EC-B2B6-83A4C8922C5A', 96326645, '2024-04-17 14:24:27', NULL, NULL, 1, '96326645 '),
	(43, '7BD9B060-6DA0-42C8-BA5D-4DAC534485FF', 96326634, '2024-04-17 14:24:59', NULL, NULL, 1, '96326634 '),
	(44, 'ED08497B-5D90-4B58-9C41-8803F5C9FD35', 65745343, '2024-04-17 14:25:33', NULL, NULL, 1, '65745343 '),
	(45, '93E30BBD-D008-48E6-B0B8-DC8FD1FB768D', 81212355, '2024-04-17 14:26:01', NULL, NULL, 1, '81212355 '),
	(46, 'A4B626E9-9919-4ECD-9F81-E25C9DFA2484', 55656556, '2024-04-17 14:26:36', NULL, NULL, 1, '55656556 '),
	(47, '4D243CAB-63C7-4919-9615-5F82AE674EF2', 99844565, '2024-04-17 14:27:14', NULL, NULL, 1, '99844565 '),
	(48, 'A556737C-A923-4B65-8DEB-46D5E7BF2525', 96326638, '2024-04-17 14:37:26', NULL, NULL, 1, '96326638 ');

-- Volcando estructura para tabla banco_libros.studentprofile
CREATE TABLE IF NOT EXISTS `studentprofile` (
  `id` int(11) unsigned NOT NULL AUTO_INCREMENT,
  `student_id` int(11) unsigned NOT NULL DEFAULT 0,
  `name` varchar(255) NOT NULL,
  `surnames` varchar(255) NOT NULL,
  `phone` varchar(250) NOT NULL,
  `email` varchar(255) NOT NULL,
  `updated` timestamp NULL DEFAULT NULL,
  PRIMARY KEY (`id`),
  KEY `FK_alumno_id_alumnoperfil` (`student_id`) USING BTREE,
  CONSTRAINT `FK_alumno_id_alumnoperfil` FOREIGN KEY (`student_id`) REFERENCES `student` (`id`) ON DELETE CASCADE ON UPDATE CASCADE
) ENGINE=InnoDB AUTO_INCREMENT=46 DEFAULT CHARSET=utf8mb4 COLLATE=utf8mb4_general_ci;

-- Volcando datos para la tabla banco_libros.studentprofile: ~11 rows (aproximadamente)
INSERT INTO `studentprofile` (`id`, `student_id`, `name`, `surnames`, `phone`, `email`, `updated`) VALUES
	(35, 38, 'Hugo', 'Sanchis Belda', '665958525', 'hugo@gmail.com', NULL),
	(36, 39, 'Jose', 'Sanchis Belda', '665958524', 'jose@gmail.com', NULL),
	(37, 40, 'Luis', 'Sanchis Belda', '665958522', 'luis@gmail.com', NULL),
	(38, 41, 'David', 'Sanchis Belda', '666595858', 'David@gmail.com', NULL),
	(39, 42, 'Rafa', 'Sanchis Belda', '665854575', 'Rafa@gmail.com', NULL),
	(40, 43, 'Fran', 'Sanchis Belda', '665854951', 'fran@gmail.com', NULL),
	(41, 44, 'Giorgio', 'Sanchis Belda', '665894252', 'giorgio@gmail.com', NULL),
	(42, 45, 'Josep', 'Sanchis Belda', '665685202', 'josep@gmail.com', NULL),
	(43, 46, 'Pablo', 'Sanchis Belda', '666551115', 'pablo@gmail.com', NULL),
	(44, 47, 'Ricard', 'Sanchis belda', '665581556', 'ricard@gmail.com', NULL),
	(45, 48, 'Maikel', 'Fernandez Belda', '665858545', 'maikel@gmail.com', '2024-04-17 14:38:13');

-- Volcando estructura para tabla banco_libros.subject
CREATE TABLE IF NOT EXISTS `subject` (
  `id` int(11) unsigned NOT NULL AUTO_INCREMENT,
  `guid` char(36) NOT NULL,
  `name` varchar(255) NOT NULL,
  `abbr` varchar(10) NOT NULL,
  `course_id` int(11) unsigned NOT NULL,
  `created` timestamp NOT NULL DEFAULT current_timestamp(),
  `updated` timestamp NULL DEFAULT NULL,
  `deleted` timestamp NULL DEFAULT NULL,
  `searchdata` text NOT NULL DEFAULT '',
  PRIMARY KEY (`id`),
  KEY `FK_curso_id_asignatura` (`course_id`) USING BTREE,
  CONSTRAINT `FK_curso_id_asignatura` FOREIGN KEY (`course_id`) REFERENCES `course` (`id`) ON DELETE CASCADE ON UPDATE CASCADE
) ENGINE=InnoDB AUTO_INCREMENT=63 DEFAULT CHARSET=utf8mb4 COLLATE=utf8mb4_general_ci;

-- Volcando datos para la tabla banco_libros.subject: ~7 rows (aproximadamente)
INSERT INTO `subject` (`id`, `guid`, `name`, `abbr`, `course_id`, `created`, `updated`, `deleted`, `searchdata`) VALUES
	(56, 'E4327944-275C-480F-89BF-3CB6D12D210C', 'Biología y Geología', 'ByG', 26, '2024-04-17 14:07:24', '2024-04-22 09:05:27', NULL, 'Biología y Geología ByG '),
	(57, '5E7F7FBD-7810-4455-B1F4-F595734F2562', 'Geografía e Historia', 'GeH', 26, '2024-04-17 14:07:35', NULL, NULL, 'Geografía e Historia GeH '),
	(58, '4171B686-BB7E-4D72-BCAA-1EB3D3B786EA', 'Lengua Castellana y Literatura', 'LCL', 26, '2024-04-17 14:07:47', NULL, NULL, 'Lengua Castellana y Literatura LCL '),
	(59, 'D884B50C-BE42-4000-A059-9F8BF4BEF509', 'Matemáticas', 'MAT', 26, '2024-04-17 14:08:29', '2024-04-17 14:08:39', NULL, 'Matemáticas MAT '),
	(60, '1F87AA1D-9745-406C-B2BD-600B2CBEE3E3', 'Primera Lengua Extranjera', 'ING', 26, '2024-04-17 14:08:52', NULL, NULL, 'Primera Lengua Extranjera ING '),
	(61, '06502B6E-4911-42FC-AFE9-474AE5CBF6CB', 'Física y Química', 'FyQ', 26, '2024-04-17 14:09:04', NULL, NULL, 'Física y Química FyQ '),
	(62, 'D555E0D6-8DEC-4D97-B35A-08A5BC167A5D', 'Base de Datos', 'BDD', 27, '2024-04-19 14:08:15', NULL, NULL, 'Base de Datos BDD ');

-- Volcando estructura para tabla banco_libros.user
CREATE TABLE IF NOT EXISTS `user` (
  `id` int(11) unsigned NOT NULL AUTO_INCREMENT,
  `guid` char(36) NOT NULL,
  `email` varchar(255) NOT NULL,
  `password` varchar(255) NOT NULL,
  `created` timestamp NOT NULL DEFAULT current_timestamp(),
  `updated` timestamp NULL DEFAULT NULL,
  `deleted` timestamp NULL DEFAULT NULL,
  `token` varchar(500) DEFAULT NULL,
  `expiredate` timestamp NULL DEFAULT NULL,
  PRIMARY KEY (`id`)
) ENGINE=InnoDB AUTO_INCREMENT=3 DEFAULT CHARSET=utf8mb4 COLLATE=utf8mb4_general_ci;

-- Volcando datos para la tabla banco_libros.user: ~2 rows (aproximadamente)
INSERT INTO `user` (`id`, `guid`, `email`, `password`, `created`, `updated`, `deleted`, `token`, `expiredate`) VALUES
	(1, 'D0201930-85B5-4121-814B-2017FB44F321', 'hugo.sanchis@vidavia.com', '$2y$10$7T0KbkkZf8rJ4VJ5JI55Wu7WoDd3vlcYwdoKsoL5e8JZI4dikNxIu', '2024-03-15 15:07:57', NULL, NULL, '478f675ab34d36dc6199303b28f0b82c83aaa638f2c2e07387c2b288a9714118', '2024-04-24 07:28:17'),
	(2, '2FD1146E-D21B-4787-AEE1-72D3BE4E5D71', 'jose.sanchis@vidavia.com', '$2y$10$.w3dwJrGA3ol58g3IJFU8uN.QWxIpCtImMlM1sbfhsZTNP2tWGyvW', '2024-03-28 14:42:15', NULL, NULL, 'ebb063656c62a32460aa9effc51440e144356cbc504805f94926aa5dc39366e8', '2024-04-23 11:07:11');

-- Volcando estructura para tabla banco_libros.userprofile
CREATE TABLE IF NOT EXISTS `userprofile` (
  `id` int(11) NOT NULL AUTO_INCREMENT,
  `user_id` int(11) unsigned NOT NULL,
  `name` varchar(255) NOT NULL,
  `surnames` varchar(255) NOT NULL,
  `phone` varchar(250) DEFAULT NULL,
  `updated` timestamp NULL DEFAULT NULL,
  PRIMARY KEY (`id`),
  KEY `FK_usuario_id_usuarioperfil` (`user_id`) USING BTREE,
  CONSTRAINT `FK_usuario_id_usuarioperfil` FOREIGN KEY (`user_id`) REFERENCES `user` (`id`) ON DELETE CASCADE ON UPDATE CASCADE
) ENGINE=InnoDB AUTO_INCREMENT=3 DEFAULT CHARSET=utf8mb4 COLLATE=utf8mb4_general_ci;

-- Volcando datos para la tabla banco_libros.userprofile: ~0 rows (aproximadamente)
INSERT INTO `userprofile` (`id`, `user_id`, `name`, `surnames`, `phone`, `updated`) VALUES
	(1, 1, 'Hugo', 'Sanchis Belda', '665958525', '2024-04-11 08:51:44'),
	(2, 2, 'Jose', 'Sanchis', NULL, NULL);

/*!40103 SET TIME_ZONE=IFNULL(@OLD_TIME_ZONE, 'system') */;
/*!40101 SET SQL_MODE=IFNULL(@OLD_SQL_MODE, '') */;
/*!40014 SET FOREIGN_KEY_CHECKS=IFNULL(@OLD_FOREIGN_KEY_CHECKS, 1) */;
/*!40101 SET CHARACTER_SET_CLIENT=@OLD_CHARACTER_SET_CLIENT */;
/*!40111 SET SQL_NOTES=IFNULL(@OLD_SQL_NOTES, 1) */;
