-- --------------------------------------------------------
-- Host:                         127.0.0.1
-- Versión del servidor:         10.4.32-MariaDB - mariadb.org binary distribution
-- SO del servidor:              Win64
-- HeidiSQL Versión:             12.6.0.6765
-- --------------------------------------------------------

/*!40101 SET @OLD_CHARACTER_SET_CLIENT=@@CHARACTER_SET_CLIENT */;
/*!40101 SET NAMES utf8 */;
/*!50503 SET NAMES utf8mb4 */;
/*!40103 SET @OLD_TIME_ZONE=@@TIME_ZONE */;
/*!40103 SET TIME_ZONE='+00:00' */;
/*!40014 SET @OLD_FOREIGN_KEY_CHECKS=@@FOREIGN_KEY_CHECKS, FOREIGN_KEY_CHECKS=0 */;
/*!40101 SET @OLD_SQL_MODE=@@SQL_MODE, SQL_MODE='NO_AUTO_VALUE_ON_ZERO' */;
/*!40111 SET @OLD_SQL_NOTES=@@SQL_NOTES, SQL_NOTES=0 */;


-- Volcando estructura de base de datos para banco_libros
CREATE DATABASE IF NOT EXISTS `banco_libros` /*!40100 DEFAULT CHARACTER SET utf8mb4 COLLATE utf8mb4_general_ci */;
USE `banco_libros`;

-- Volcando estructura para tabla banco_libros.book
CREATE TABLE IF NOT EXISTS `book` (
  `id` int(11) unsigned NOT NULL AUTO_INCREMENT,
  `guid` char(36) NOT NULL,
  `name` varchar(255) NOT NULL,
  `isbn` varchar(50) NOT NULL,
  `enabled` tinyint(1) unsigned NOT NULL DEFAULT 1,
  `subject_id` int(11) unsigned NOT NULL,
  `stock` int(10) unsigned NOT NULL DEFAULT 0,
  `created` timestamp NOT NULL DEFAULT current_timestamp() ON UPDATE current_timestamp(),
  `updated` timestamp NULL DEFAULT NULL,
  `deleted` timestamp NULL DEFAULT NULL,
  `searchdata` text NOT NULL,
  PRIMARY KEY (`id`),
  KEY `FK_asignatura_id_libro` (`subject_id`) USING BTREE,
  CONSTRAINT `FK_asignatura_id_libro` FOREIGN KEY (`subject_id`) REFERENCES `subject` (`id`) ON DELETE CASCADE ON UPDATE CASCADE
) ENGINE=InnoDB AUTO_INCREMENT=77 DEFAULT CHARSET=utf8mb4 COLLATE=utf8mb4_general_ci;

-- Volcando datos para la tabla banco_libros.book: ~8 rows (aproximadamente)
INSERT INTO `book` (`id`, `guid`, `name`, `isbn`, `enabled`, `subject_id`, `stock`, `created`, `updated`, `deleted`, `searchdata`) VALUES
	(69, 'C682669E-502D-4F29-BC2E-80967ED44FE6', 'Base de Datos', '84-934895-3-0', 1, 69, 30, '2024-04-25 15:21:32', NULL, NULL, 'Base de Datos 84-934895-3-0 Bases de datos '),
	(70, '5EF03192-6390-439A-94A7-168534771BA9', 'Entornos de desarrollo', '84-934895-3-1', 1, 70, 30, '2024-04-25 15:21:48', NULL, NULL, 'Entornos de desarrollo 84-934895-3-1 Entornos de desarrollo '),
	(71, '34F23C2C-2A27-4979-BA6B-26EC0B54B6C4', 'FOL', '84-934895-3-2', 1, 71, 30, '2024-04-25 15:22:02', NULL, NULL, 'FOL 84-934895-3-2 Formación y orientación laboral '),
	(72, '4A76670A-FBBF-441D-B4E1-438784642A7F', 'Lenguaje Marcas', '84-934895-3-4', 1, 72, 30, '2024-04-25 15:22:20', NULL, NULL, 'Lenguaje Marcas 84-934895-3-4 Lenguaje de marcas '),
	(73, '89E7B562-D595-4F95-9AF4-52C5F0D110F4', 'Programacion', '84-934895-3-5', 1, 73, 30, '2024-04-25 15:22:42', NULL, NULL, 'Programacion 84-934895-3-5 Programación '),
	(74, '37551B49-EA0B-44CA-B1D4-8C80878FAF75', 'Sistemas Informaticos', '84-934895-3-6', 1, 74, 30, '2024-04-25 15:23:06', NULL, NULL, 'Sistemas Informaticos 84-934895-3-6 Sistemas informáticos '),
	(75, 'A250FCED-8208-4925-B01A-5F3F5412974A', 'DWC', '84-934895-3-7', 1, 75, 30, '2024-04-25 15:24:03', NULL, NULL, 'DWC 84-934895-3-7 Desarrollo web en entorno cliente '),
	(76, '20330586-F4FD-4DC6-92DD-2161B5DA0E2E', 'DES', '84-934895-3-8', 1, 76, 30, '2024-04-25 15:24:17', NULL, NULL, 'DES 84-934895-3-8 Desarrollo web en entorno servidor ');

-- Volcando estructura para tabla banco_libros.copy
CREATE TABLE IF NOT EXISTS `copy` (
  `id` int(11) unsigned NOT NULL AUTO_INCREMENT,
  `guid` char(36) NOT NULL,
  `uniqid` varchar(50) NOT NULL,
  `state` tinyint(1) NOT NULL DEFAULT 0,
  `book_id` int(11) unsigned NOT NULL,
  `searchdata` text NOT NULL,
  `updated` timestamp NULL DEFAULT NULL,
  PRIMARY KEY (`id`),
  KEY `FK_libro_id_ejemplar` (`book_id`) USING BTREE,
  CONSTRAINT `FK_libro_id_ejemplar` FOREIGN KEY (`book_id`) REFERENCES `book` (`id`) ON DELETE CASCADE ON UPDATE CASCADE
) ENGINE=InnoDB AUTO_INCREMENT=1043 DEFAULT CHARSET=utf8mb4 COLLATE=utf8mb4_general_ci;

-- Volcando datos para la tabla banco_libros.copy: ~240 rows (aproximadamente)
INSERT INTO `copy` (`id`, `guid`, `uniqid`, `state`, `book_id`, `searchdata`, `updated`) VALUES
	(803, '06B0C067-591E-406F-8BBC-3731000BD3C7', '8074034718853', 4, 69, '8074034718853 ', NULL),
	(804, 'F430D042-582E-48A7-9367-6B9F188B9B84', '7558924781239', 4, 69, '7558924781239 ', NULL),
	(805, '9425A419-97A6-4C0D-9F5B-FDF1A8852386', '9410820784564', 4, 69, '9410820784564 ', NULL),
	(806, '9DE51CF4-E0FF-4C03-985C-BB107681D29A', '4085701418561', 4, 69, '4085701418561 ', NULL),
	(807, '11938F9C-BF40-48A3-857D-825F9EC8B0C4', '4894889921136', 4, 69, '4894889921136 ', NULL),
	(808, 'DE078A74-67F1-4505-9170-8E700CE842C1', '1730555427984', 4, 69, '1730555427984 ', NULL),
	(809, '7427F868-25B0-4200-9A9E-AD0BBD42319C', '9191577983329', 4, 69, '9191577983329 ', NULL),
	(810, 'A0AFE5CC-D396-4139-A038-ABCFD071A9E4', '9920202215766', 4, 69, '9920202215766 ', NULL),
	(811, '80081A52-E1A5-4254-9CB5-50309E445B18', '2970508217607', 4, 69, '2970508217607 ', NULL),
	(812, '80B70533-89AA-4788-9C00-1FD5C07630D5', '1727461702280', 4, 69, '1727461702280 ', NULL),
	(813, '2930C802-2F39-49F4-BB0A-D32D11F1CF32', '5016211262330', 4, 69, '5016211262330 ', NULL),
	(814, '2D54AB11-ED16-4C81-AB9B-E53CBDB4C6EE', '8123724751416', 4, 69, '8123724751416 ', NULL),
	(815, 'B0B7A5BA-CFA1-4DE3-87A8-04BBD9305FB3', '1263888491446', 4, 69, '1263888491446 ', NULL),
	(816, '8FC89EAC-EE38-4DBA-8607-7C322C586310', '3351942221964', 4, 69, '3351942221964 ', NULL),
	(817, 'C8A525FE-667D-45FA-850B-71489B3F8704', '7386201938711', 4, 69, '7386201938711 ', NULL),
	(818, '377BA459-9371-45D0-A7F3-1A87639C0EB9', '2382166360252', 4, 69, '2382166360252 ', NULL),
	(819, '6FCD0588-7A20-4FB3-849E-C2B4452844BF', '8728141680701', 4, 69, '8728141680701 ', NULL),
	(820, '27517EED-5588-4015-9B87-AAEEE7939BFA', '4954340544975', 4, 69, '4954340544975 ', NULL),
	(821, 'FFE5B8F8-03ED-40D0-A251-888C08F656C5', '3317028931002', 4, 69, '3317028931002 ', NULL),
	(822, '7F63FAA4-C3D0-4B9A-B2DD-2FFA83DEF6BB', '7294709726878', 4, 69, '7294709726878 ', NULL),
	(823, 'EB28C56C-35DF-4CDB-9D95-6B1B49A07A43', '3150996113978', 4, 69, '3150996113978 ', NULL),
	(824, '5ED1D183-F94A-4B13-B050-450DFF8E2416', '1099912503761', 4, 69, '1099912503761 ', NULL),
	(825, 'DAF8AEC5-BF2F-40A9-94E7-6DBE9F13B694', '8253060113293', 4, 69, '8253060113293 ', NULL),
	(826, 'B1BF9C38-E14D-4304-BBE5-97DCEDD57D59', '6186653431581', 4, 69, '6186653431581 ', NULL),
	(827, 'BC806754-22D6-4F74-97D0-D158422D7C06', '9507483201443', 4, 69, '9507483201443 ', NULL),
	(828, '9A222779-2B83-4AFB-BD93-7161A724285C', '2229212655506', 4, 69, '2229212655506 ', NULL),
	(829, 'A515AC8F-3EE8-4F14-BE46-A57B3C609755', '7771790549504', 4, 69, '7771790549504 ', NULL),
	(830, 'DC64D533-D603-4868-AACD-820D8763F28B', '3853491356334', 4, 69, '3853491356334 ', NULL),
	(831, 'EBC31D05-7FC1-45AB-8303-35C39B54209D', '7693333565300', 4, 69, '7693333565300 ', NULL),
	(832, '6C8DC008-F0A2-4B6B-8C65-FDF829051F11', '0687828640282', 4, 69, '0687828640282 ', NULL),
	(833, 'AE4D8E20-7C1A-4598-90CB-44815F8B02D3', '5986487223594', 4, 70, '5986487223594 ', NULL),
	(834, '4C62EAC5-4825-442E-AF7F-A36E1E8DDFFA', '5813010245459', 4, 70, '5813010245459 ', NULL),
	(835, 'B4E767F6-CE9A-4EF9-A52B-013B935B71B6', '4778932700907', 4, 70, '4778932700907 ', NULL),
	(836, 'B20DEB7F-CEAE-4790-BBAF-19DF1AF54AE2', '8433872902326', 4, 70, '8433872902326 ', NULL),
	(837, '754B2394-AD8E-41C0-9F27-912A4EE07122', '7930033735651', 4, 70, '7930033735651 ', NULL),
	(838, 'FC00789E-7028-4E21-8D9F-F199B71813CF', '3297334935316', 4, 70, '3297334935316 ', NULL),
	(839, '7C3CD154-A36B-4F46-B28B-367D70490586', '9751679757052', 4, 70, '9751679757052 ', NULL),
	(840, 'C02C04C7-CCFE-4356-AE9E-6808F2A590FB', '0186417908584', 4, 70, '0186417908584 ', NULL),
	(841, '8CC1BE05-8A9D-44E9-874D-7E3582CFCBBA', '0221569905992', 4, 70, '0221569905992 ', NULL),
	(842, 'C40B11BD-2D63-4DC6-A3ED-8471EE9C42AE', '1892482764782', 4, 70, '1892482764782 ', NULL),
	(843, '999E6E36-2A21-45D0-9047-D2AEE30D7FBC', '8270004099792', 4, 70, '8270004099792 ', NULL),
	(844, 'D9FD64EB-42AD-43DD-9D52-F2612F339139', '2434148185439', 4, 70, '2434148185439 ', NULL),
	(845, 'FC91D9EF-3BB7-415E-BD03-9CDDA0F3FC5C', '5910488959954', 4, 70, '5910488959954 ', NULL),
	(846, 'BF688DCE-45D4-4932-AA55-31A55D5A7D9C', '8590463083165', 4, 70, '8590463083165 ', NULL),
	(847, '9D3E0462-A54F-4981-ACF8-C770BAEE8A63', '6637793234746', 4, 70, '6637793234746 ', NULL),
	(848, '4A39977E-B3A0-4E0C-BC0A-E533B8B2D0EF', '6867845006678', 4, 70, '6867845006678 ', NULL),
	(849, 'F28B1DC2-2C1C-40EE-B646-A76B65EC5C98', '4095032265218', 4, 70, '4095032265218 ', NULL),
	(850, '93220628-372B-4974-B98E-4FC52F079F94', '4851584590192', 4, 70, '4851584590192 ', NULL),
	(851, '23AD586F-3686-4D28-92DA-6ECBBC14B85A', '0017257139724', 4, 70, '0017257139724 ', NULL),
	(852, '941D69FC-0C2A-4967-BD61-2A96DB8BA127', '9168037420300', 4, 70, '9168037420300 ', NULL),
	(853, '03520216-7E26-4AF2-8CA0-77E32AAC5863', '8078752663701', 4, 70, '8078752663701 ', NULL),
	(854, '79264C80-F24C-4FBE-AF9E-74F96531BB4A', '8192514768652', 4, 70, '8192514768652 ', NULL),
	(855, 'D2A56051-1C74-47AB-A0AF-CF75BC76B5A9', '4742288898027', 4, 70, '4742288898027 ', NULL),
	(856, '952DF8F1-FA1B-4904-8D65-6927E1A7FF21', '4292193520358', 4, 70, '4292193520358 ', NULL),
	(857, '1D74CDBE-A688-4D2B-8544-9F25FC918DEC', '9372311056860', 4, 70, '9372311056860 ', NULL),
	(858, '0A591E23-0EAE-4161-96C0-9A58530C2537', '5376414473793', 4, 70, '5376414473793 ', NULL),
	(859, '0F5EC016-918B-44D4-A227-5D6DD90DA0CC', '8754260392476', 4, 70, '8754260392476 ', NULL),
	(860, 'E0718E76-536B-4D0B-9F97-6E3C7B560E27', '8088022319500', 4, 70, '8088022319500 ', NULL),
	(861, '319D6748-8F72-45B8-814A-E584B23EB0FE', '2352241878213', 4, 70, '2352241878213 ', NULL),
	(862, 'BEB2E665-26A1-4BF5-8586-D541CB1BE0B2', '6769610897534', 4, 70, '6769610897534 ', NULL),
	(863, 'BC00ACA7-BD07-4FAF-80C4-7C3795A4D6DF', '8839334127762', 4, 71, '8839334127762 ', NULL),
	(864, 'BBF8DE6C-0086-45F6-AD64-93976BD6F3B8', '7003974827778', 4, 71, '7003974827778 ', NULL),
	(865, 'C0B119E8-8DEF-4B84-81E9-B8AE9AD7DCA3', '2132229430640', 4, 71, '2132229430640 ', NULL),
	(866, 'B14162F0-805F-4360-9F17-D682C7262558', '5761773997600', 4, 71, '5761773997600 ', NULL),
	(867, '40AE8138-0687-4C87-8480-7A9044F7E0D5', '6463789401858', 4, 71, '6463789401858 ', NULL),
	(868, '5BE94E77-8583-40FE-9E27-4B9313105E86', '8570546200876', 4, 71, '8570546200876 ', NULL),
	(869, 'E53C702D-4776-4D75-99B7-574C7B072BC6', '9775197791239', 4, 71, '9775197791239 ', NULL),
	(870, '296E0D1B-D27A-485F-98B7-DF5F8018D00C', '7153470684804', 4, 71, '7153470684804 ', NULL),
	(871, 'BCCA77DA-AA9E-4429-A898-B0CC0ECF4E17', '2915121431489', 4, 71, '2915121431489 ', NULL),
	(872, '7D73A2B2-236F-4972-83E0-3B7A967CBE6A', '6716662622709', 4, 71, '6716662622709 ', NULL),
	(873, 'F14CA316-F33A-454F-A423-1C85714E2CD7', '3957650872267', 4, 71, '3957650872267 ', NULL),
	(874, '467D7E13-DC3E-4569-92B8-DF547C5246FC', '6413732823506', 4, 71, '6413732823506 ', NULL),
	(875, 'A6518372-32D5-4D84-9B8C-43E88AFC672F', '0094239651757', 4, 71, '0094239651757 ', NULL),
	(876, '01FFDABD-7EE4-40D6-A03C-4DB8CDD36BE5', '6853705202719', 4, 71, '6853705202719 ', NULL),
	(877, 'AD439A32-8224-4CAE-82DD-01419D3260B6', '4134658916036', 4, 71, '4134658916036 ', NULL),
	(878, '615B1463-5AB9-4F22-8943-A2A87F7D1269', '6305929075968', 4, 71, '6305929075968 ', NULL),
	(879, 'A6201835-25CF-40E3-B731-18F0A199BC3C', '6994621550149', 4, 71, '6994621550149 ', NULL),
	(880, '0ACE70EC-FD10-4BD9-922B-4D825BA80A91', '1237609110113', 4, 71, '1237609110113 ', NULL),
	(881, 'AFA67C10-50C3-46D9-AB7A-AD547405BA95', '2599651944048', 4, 71, '2599651944048 ', NULL),
	(882, '3EB4552F-D672-476E-A5FC-8E6483A04D7B', '6213127531673', 4, 71, '6213127531673 ', NULL),
	(883, '19072588-7695-4411-A933-048A9EE092FA', '6763292697671', 4, 71, '6763292697671 ', NULL),
	(884, '53D01659-1A5B-4DA8-A2FC-6D5B6D41EDBA', '4599055431461', 4, 71, '4599055431461 ', NULL),
	(885, '020AABD8-0894-41B3-AEFD-FD1B10AB13A3', '6614047106768', 4, 71, '6614047106768 ', NULL),
	(886, '159B2F65-9078-4339-84CF-109F57DACB1A', '0770166211478', 4, 71, '0770166211478 ', NULL),
	(887, 'E6451213-9EAF-4DAE-83AD-07E49B66C632', '1535879940154', 4, 71, '1535879940154 ', NULL),
	(888, '68DE2C38-4E29-4DC5-9DCB-51C6A15EE514', '9319896079221', 4, 71, '9319896079221 ', NULL),
	(889, 'B8E55474-2882-4028-B317-24147716BE65', '5885526715335', 4, 71, '5885526715335 ', NULL),
	(890, 'CB6C106C-BEB1-4C6A-B2A3-E92F485C3D7F', '0171910441925', 4, 71, '0171910441925 ', NULL),
	(891, 'BE798FD2-5C23-4AB4-9034-1E9FC829476B', '9784137355323', 4, 71, '9784137355323 ', NULL),
	(892, '28D9F972-5453-478E-BEF9-5586D54FC174', '8396504586575', 4, 71, '8396504586575 ', NULL),
	(893, '7ECE0D8A-7BA4-48DA-A5E8-D8EE4FAE4958', '7015863554573', 4, 72, '7015863554573 ', NULL),
	(894, 'C6E91013-6FBB-4102-917C-F7390D57106C', '8902407435306', 4, 72, '8902407435306 ', NULL),
	(895, 'F906C7A9-57D4-4BBF-8906-7FC5393D0600', '6327085724219', 4, 72, '6327085724219 ', NULL),
	(896, '9673884F-2BE0-4B36-9F00-35AD1CE03D02', '5759642226539', 4, 72, '5759642226539 ', NULL),
	(897, '0177D77B-F855-4A46-8172-8C9DF162F374', '1556038809499', 4, 72, '1556038809499 ', NULL),
	(898, '977C2459-3908-4D4E-A33A-9B81E0CE522C', '9734784977599', 4, 72, '9734784977599 ', NULL),
	(899, '77F93287-702D-44DD-AE21-FA8047500049', '5481091605523', 4, 72, '5481091605523 ', NULL),
	(900, '47B59285-2795-400D-AA0F-3F6F7F489B4B', '8928089554491', 4, 72, '8928089554491 ', NULL),
	(901, '8663768F-1A31-47BC-94EB-D0FBB51309D5', '2085127071548', 4, 72, '2085127071548 ', NULL),
	(902, '85F99B6E-6FB3-43CD-9EDC-6EA7B4F1BA03', '4507377193747', 4, 72, '4507377193747 ', NULL),
	(903, '8D277683-DACA-4815-B8BF-D8BFB41A751B', '4913143241362', 4, 72, '4913143241362 ', NULL),
	(904, '039A9AB7-C2AE-4D5F-807B-091AE2268F61', '6224096307205', 4, 72, '6224096307205 ', NULL),
	(905, '13ED2399-20F4-40EE-BBFD-E22BF70F9C53', '7435696573653', 4, 72, '7435696573653 ', NULL),
	(906, 'A3036200-068D-445F-A7D8-49A339ABC26E', '2804316226072', 4, 72, '2804316226072 ', NULL),
	(907, '68605F1B-1E66-457F-8C96-838BDE1047C7', '6649464176013', 4, 72, '6649464176013 ', NULL),
	(908, '9C6BE208-5EA9-4F00-AAC0-C43A44C3B492', '8299368917955', 4, 72, '8299368917955 ', NULL),
	(909, '7B2EBA65-4627-40F6-8E4F-BE88445AF093', '6862033091943', 4, 72, '6862033091943 ', NULL),
	(910, '81B48AF5-9F34-4B42-8C82-67E3FC2B5009', '1637258677501', 4, 72, '1637258677501 ', NULL),
	(911, '323321B6-C8BF-4D5C-BB24-82AC19E75C6E', '7787499123366', 4, 72, '7787499123366 ', NULL),
	(912, 'FF2BAB62-E168-44EE-8CB3-67F7EB9ABF16', '4852277550086', 4, 72, '4852277550086 ', NULL),
	(913, '5A53D3CC-1C79-44CB-BEF9-B3BDE43F8080', '0734640964981', 4, 72, '0734640964981 ', NULL),
	(914, 'DD065217-449A-441F-8ED1-C7C43996AE24', '1249959663442', 4, 72, '1249959663442 ', NULL),
	(915, '4864EF4C-DF09-4DA0-B8B0-858D2097FC36', '2908726318300', 4, 72, '2908726318300 ', NULL),
	(916, '91A9E930-EB9D-45F8-A98C-0F2287195993', '3519516842304', 4, 72, '3519516842304 ', NULL),
	(917, '98FA15C7-FD50-42AD-BE9B-9592AF76F96E', '3376029677414', 4, 72, '3376029677414 ', NULL),
	(918, 'E14AD6B3-CFAA-4419-9F67-BD1D8FBA92AB', '1135120447193', 4, 72, '1135120447193 ', NULL),
	(919, '6195D8E6-BEF1-4E9F-98DB-D1F5E7FC10F8', '5999639428014', 4, 72, '5999639428014 ', NULL),
	(920, '6849F566-C85C-4DCE-802A-253D5A396356', '6059264214555', 4, 72, '6059264214555 ', NULL),
	(921, '553A01C8-AB68-4F47-A1FD-59C25DDF88A1', '6779389511163', 4, 72, '6779389511163 ', NULL),
	(922, '791BB2D2-0FA7-454D-AE1A-7188FF798169', '4837470662301', 4, 72, '4837470662301 ', NULL),
	(923, 'E0C45F50-E0FF-473C-A23A-B9B774C88881', '4943707619964', 4, 73, '4943707619964 ', NULL),
	(924, '40EDAE67-DDC2-48D2-80B8-B2148E2F2D5A', '5859122928175', 4, 73, '5859122928175 ', NULL),
	(925, '5D1DBBFD-DBB4-4AB0-9E91-E70F31C86354', '0356729791552', 4, 73, '0356729791552 ', NULL),
	(926, '4FC7E001-2776-4EEB-A22F-C8DC65B31964', '4063574129022', 4, 73, '4063574129022 ', NULL),
	(927, 'D37DBD06-4B3A-4376-9425-CF9FFBB73A25', '2882093526625', 4, 73, '2882093526625 ', NULL),
	(928, '30DF7CD2-6712-47DE-AE34-BB9C9B1D9A1D', '6375820966739', 4, 73, '6375820966739 ', NULL),
	(929, '8D18EBF3-3C72-42E1-BC68-2AF4C21162EB', '2620666097775', 4, 73, '2620666097775 ', NULL),
	(930, 'B6BD9A19-1127-4C2A-AFB1-B8DBBCA9DD86', '9545721206240', 4, 73, '9545721206240 ', NULL),
	(931, '04833AFA-E79A-4080-B25B-4100BE1A14C2', '5266588579571', 4, 73, '5266588579571 ', NULL),
	(932, '45E84D59-D897-4207-98B2-66C05275ACBC', '1916502393726', 4, 73, '1916502393726 ', NULL),
	(933, '89D22F0E-2038-42FC-B511-441CD7EF3420', '6952953433230', 4, 73, '6952953433230 ', NULL),
	(934, '6C970367-7FD1-4C69-8CD7-1CEDC302FBF1', '0658990062026', 4, 73, '0658990062026 ', NULL),
	(935, 'B750CDBF-3FD3-49E6-9DDC-C6AD794DF306', '9848511213673', 4, 73, '9848511213673 ', NULL),
	(936, '829C0B4B-4BA2-4719-8EAD-E6190273E3EA', '9366438388027', 4, 73, '9366438388027 ', NULL),
	(937, '0748E66A-9720-4E4C-A014-90149CE90264', '9086423870525', 4, 73, '9086423870525 ', NULL),
	(938, '7358FEF5-FC90-4047-8E2D-DE0DD8CCFE40', '2045888996701', 4, 73, '2045888996701 ', NULL),
	(939, '9367A774-2A39-43BB-A954-9E2EB0746BD4', '0371071516140', 4, 73, '0371071516140 ', NULL),
	(940, 'D51732EC-23A4-4118-AE38-C060264BCD3C', '1417457516221', 4, 73, '1417457516221 ', NULL),
	(941, '8AE42014-7F5A-4F83-9D78-8BB73193D8A7', '1969622572173', 4, 73, '1969622572173 ', NULL),
	(942, '124A977E-00EA-48AA-ABB1-96CE274A5779', '9584098377881', 4, 73, '9584098377881 ', NULL),
	(943, '322FA85A-F589-40CD-8164-E7BBDC8FE859', '4344617259076', 4, 73, '4344617259076 ', NULL),
	(944, '73B25E85-D9C9-49FB-95B7-1AE3B28EEECF', '5605149796342', 4, 73, '5605149796342 ', NULL),
	(945, 'EB6522F2-2E74-4521-97A4-237E0B083F25', '4627639595721', 4, 73, '4627639595721 ', NULL),
	(946, '48C2826F-0C15-452F-8281-CE691FC7ECE8', '5906351591596', 4, 73, '5906351591596 ', NULL),
	(947, '4F501EAD-1158-43EF-B8C0-C9AF05DEC6F7', '4476786220611', 4, 73, '4476786220611 ', NULL),
	(948, '2F6003FE-F8C2-477B-B50C-3187C05D90E7', '2995356785941', 4, 73, '2995356785941 ', NULL),
	(949, 'EBCD3126-55D4-4E39-81B1-FA6274AF7C55', '1724206230283', 4, 73, '1724206230283 ', NULL),
	(950, '88AF3F7F-86C2-4387-A52D-917CDDD081D5', '8575894252671', 4, 73, '8575894252671 ', NULL),
	(951, '5E57E5EE-2CD3-4544-93BD-3DAF8F6844C0', '2239667107554', 4, 73, '2239667107554 ', NULL),
	(952, '922BAB93-0026-486A-A62A-DE2CB8272344', '9016672045707', 4, 73, '9016672045707 ', NULL),
	(953, '455FE331-A574-4694-BCD0-0F634EE91B3A', '5356923286272', 4, 74, '5356923286272 ', NULL),
	(954, 'EC1D3E41-7458-445E-B35C-EBAAAF3EB542', '0836739463614', 4, 74, '0836739463614 ', NULL),
	(955, '09BE4ABD-4C55-4758-A7F1-037F99F579FD', '0429940825056', 4, 74, '0429940825056 ', NULL),
	(956, 'F725F20E-3675-49AD-8158-D28F11F182C8', '4877694874657', 4, 74, '4877694874657 ', NULL),
	(957, '7CEB7E44-A88E-4E26-98C1-CDBA315A95FC', '6550213719314', 4, 74, '6550213719314 ', NULL),
	(958, '649DC9D2-F25A-4BEF-8A72-307D53CEA9AF', '2305051551834', 4, 74, '2305051551834 ', NULL),
	(959, '72384417-63FC-4664-90F5-5F6FA8B7142E', '8660687259791', 4, 74, '8660687259791 ', NULL),
	(960, '38F6F54A-D8AD-487D-8C39-ADE906F8A6A4', '7893463911509', 4, 74, '7893463911509 ', NULL),
	(961, '057CE63E-8DAD-4733-9CF4-B42A25837B7B', '1087857202664', 4, 74, '1087857202664 ', NULL),
	(962, '4FB0C962-84E6-4DA0-8B78-C2F9322B833D', '8048914705690', 4, 74, '8048914705690 ', NULL),
	(963, '88615A4E-5536-466C-B141-F00CD160D877', '6917095812210', 4, 74, '6917095812210 ', NULL),
	(964, '01CC568D-A1DE-4478-8074-076C1BD87A27', '9718592280314', 4, 74, '9718592280314 ', NULL),
	(965, '2037073F-CD61-47E9-B1C3-6B09403FF353', '4080795565808', 4, 74, '4080795565808 ', NULL),
	(966, '5DEF2A18-36F1-4DFA-8383-407133A835A4', '7995323218827', 4, 74, '7995323218827 ', NULL),
	(967, '286CC97B-BB5A-4B8D-B774-535331ABA59F', '1109288290663', 4, 74, '1109288290663 ', NULL),
	(968, 'C3ED63F6-F51F-4435-8EDF-3AB04A9E965B', '5841742097274', 4, 74, '5841742097274 ', NULL),
	(969, 'C4C89414-7A9B-494A-91A6-0447330E003A', '6291294952311', 4, 74, '6291294952311 ', NULL),
	(970, 'C38905AA-562E-4A6F-8415-BC53571BC135', '7754866930747', 4, 74, '7754866930747 ', NULL),
	(971, '953600AB-CD5D-407B-9C90-F56E15D2E52D', '9393263055662', 4, 74, '9393263055662 ', NULL),
	(972, 'C67A6079-7190-45A7-AC8F-100690326749', '7509725969942', 4, 74, '7509725969942 ', NULL),
	(973, 'A05C72FE-D851-46AD-B7AC-3588B1DC6927', '2498694773423', 4, 74, '2498694773423 ', NULL),
	(974, '4F4E97A0-7D48-4B29-993E-F406BC5E30ED', '7051688350221', 4, 74, '7051688350221 ', NULL),
	(975, 'CE0E694B-9221-4C8C-B6B6-690470BE3B6E', '0992248183111', 4, 74, '0992248183111 ', NULL),
	(976, 'F801C5A8-AA47-42AA-99C9-BC993F88EBC1', '5379763047114', 4, 74, '5379763047114 ', NULL),
	(977, 'C8A7F811-D39B-4791-A252-A1995EACD536', '5840655842037', 4, 74, '5840655842037 ', NULL),
	(978, 'E2D4E47A-C7FB-41F9-AA0B-1A5F6E30C071', '2801930306291', 4, 74, '2801930306291 ', NULL),
	(979, '42609665-1148-4BD1-BF45-2A22ACE43AB5', '4844294089340', 4, 74, '4844294089340 ', NULL),
	(980, '44B9F463-7C15-43BE-A6B7-B659BB4D569A', '2561290680322', 4, 74, '2561290680322 ', NULL),
	(981, '3BB9C627-9ECD-4276-9728-C16DD4104355', '5177486352534', 4, 74, '5177486352534 ', NULL),
	(982, '565581A5-9B36-4AD8-8DA9-B105769C19D0', '1823099180598', 4, 74, '1823099180598 ', NULL),
	(983, '9968B861-B1DD-4AA7-A7E1-BBFE3EDAE31C', '0232561518119', 4, 75, '0232561518119 ', NULL),
	(984, 'CBE235E2-75F1-4930-8963-81B4FCCB03D0', '7777338410496', 4, 75, '7777338410496 ', NULL),
	(985, '5825F9FC-8E24-4293-B4F4-FAAE4524D0F4', '2359878303947', 4, 75, '2359878303947 ', NULL),
	(986, 'D298B7DC-0505-484F-982D-7E9710BCC762', '6021067378364', 4, 75, '6021067378364 ', NULL),
	(987, '6FD0C361-A35E-4003-B350-A19FAA3705F7', '2193047000465', 4, 75, '2193047000465 ', NULL),
	(988, 'DA21C954-8FA7-4F4D-AAC7-041A7C811CC7', '7347621764442', 4, 75, '7347621764442 ', NULL),
	(989, '9BFD7AB4-9273-40CC-90F8-A513F93AC651', '3881130435171', 4, 75, '3881130435171 ', NULL),
	(990, '86133C1B-123C-4B00-B800-DE532EEC912D', '5324878744659', 4, 75, '5324878744659 ', NULL),
	(991, '12A04F28-086F-42B8-946A-A4A34324EF4C', '4860021072655', 4, 75, '4860021072655 ', NULL),
	(992, 'EF152DAB-E6CD-499E-9C50-DE364D94E8B9', '9108925312543', 4, 75, '9108925312543 ', NULL),
	(993, 'DEE51DBD-F9D7-4013-BB6B-F2F8FCA66D58', '1341481549446', 4, 75, '1341481549446 ', NULL),
	(994, 'D94089FD-554A-4473-99F9-7F0BD8ECFDE2', '1123085616849', 4, 75, '1123085616849 ', NULL),
	(995, 'AE7BC184-B207-41E0-8767-FAE19313BF1E', '9344063198375', 4, 75, '9344063198375 ', NULL),
	(996, '9EAB2B17-3F53-417E-86C3-70C6F8D088D0', '8454024607657', 4, 75, '8454024607657 ', NULL),
	(997, '3F107D50-88B8-4E31-B8C5-FC1F429110CD', '2968475036145', 4, 75, '2968475036145 ', NULL),
	(998, 'E36C4DE3-3EA2-41A8-AA84-49DA6447CC61', '2365094292365', 4, 75, '2365094292365 ', NULL),
	(999, '77302A38-FC1D-4094-A6D5-72EDD3E35938', '3786620512880', 4, 75, '3786620512880 ', NULL),
	(1000, 'B3EB47B3-F019-4458-A9F3-B4E70999F476', '7923276473660', 4, 75, '7923276473660 ', NULL),
	(1001, 'CE6B4236-66CD-44C9-886E-CF9CA472A53F', '3227797646841', 4, 75, '3227797646841 ', NULL),
	(1002, 'A48B2CD2-DF94-48F6-BA63-3C94259CED15', '3586806189826', 4, 75, '3586806189826 ', NULL),
	(1003, 'CB87F7B7-6918-40B2-BD6D-7C9B5E361BD6', '6209132575793', 4, 75, '6209132575793 ', NULL),
	(1004, '7358D967-95E2-401C-92A2-F928E0AC40C2', '8576337716052', 4, 75, '8576337716052 ', NULL),
	(1005, 'AD943F2A-2C6A-4E1B-97F9-EC7BE9ECE83E', '3832225107885', 4, 75, '3832225107885 ', NULL),
	(1006, '845584D9-28E4-44D9-AABB-2D0E1DD34DBE', '4487139466316', 4, 75, '4487139466316 ', NULL),
	(1007, '7FA3BAF7-DE04-4679-8866-AB0774D791D3', '6965421229650', 4, 75, '6965421229650 ', NULL),
	(1008, 'F592B033-3692-4009-B3C3-9D312EBFDB5E', '6749939372148', 4, 75, '6749939372148 ', NULL),
	(1009, '6D9CBCCD-41C9-434B-8447-5A9B1D0D9578', '4683018294537', 4, 75, '4683018294537 ', NULL),
	(1010, '56DA2F84-E9EB-42BF-9575-D3CB9EE08637', '8815318305450', 4, 75, '8815318305450 ', NULL),
	(1011, 'DD1024B1-4933-454C-92A9-9FEC90D9D0D3', '8985177903383', 4, 75, '8985177903383 ', NULL),
	(1012, 'DA363931-EC9B-435E-86BA-97FD96E6B18A', '8587452330812', 4, 75, '8587452330812 ', NULL),
	(1013, 'C98B5A01-EBF0-463F-A44B-16A05CFB67A2', '6766126935572', 4, 76, '6766126935572 ', NULL),
	(1014, 'CBE30763-F9FA-4BF0-8FB8-0FBB0B260A7C', '0794079733017', 4, 76, '0794079733017 ', NULL),
	(1015, '08811A0B-8704-4F50-9F27-69DC60463CC5', '6260871552244', 4, 76, '6260871552244 ', NULL),
	(1016, '79D48126-00F4-40B7-B8FE-5332DFBD3DBB', '1262806417774', 4, 76, '1262806417774 ', NULL),
	(1017, '1A43999B-1863-4459-99E0-7E4F44F72048', '8792817478873', 4, 76, '8792817478873 ', NULL),
	(1018, '036A6250-D069-4802-9912-5C64009789ED', '7810610902928', 4, 76, '7810610902928 ', NULL),
	(1019, '4630D14F-6327-40CB-8C19-F6995ECE36AE', '0397267316511', 4, 76, '0397267316511 ', NULL),
	(1020, '8F7EC5E9-83C9-47C9-AAD9-2E7AC0C954B0', '2594207052829', 4, 76, '2594207052829 ', NULL),
	(1021, '40D8FDF1-A946-4FDB-A62E-420CC6DE7D5D', '8156433577197', 4, 76, '8156433577197 ', NULL),
	(1022, 'C0603106-FCB4-4A9E-9B08-8AD20DC88708', '2898530248585', 4, 76, '2898530248585 ', NULL),
	(1023, '6B98D03A-FB49-4017-8DCF-E04138A94F88', '2762966277593', 4, 76, '2762966277593 ', NULL),
	(1024, '3ECA2323-DB96-4C6F-8112-328B750EE601', '0767643717482', 4, 76, '0767643717482 ', NULL),
	(1025, '318DE002-EE4D-4A96-BEDE-FB4963B8B285', '4394751005563', 4, 76, '4394751005563 ', NULL),
	(1026, '41EA70D9-D718-41EF-98C4-F466F2F73C4B', '0933093771853', 4, 76, '0933093771853 ', NULL),
	(1027, '58EE5F9E-B49E-44BB-BA73-7432E0EF42C0', '8540749156016', 4, 76, '8540749156016 ', NULL),
	(1028, '64F7A3DC-CABA-40B9-8649-2E885FE9D80F', '5684708196067', 4, 76, '5684708196067 ', NULL),
	(1029, 'B548F94A-40A9-4355-8028-8C2C46759EC3', '1403155709710', 4, 76, '1403155709710 ', NULL),
	(1030, '06FD1293-93C3-405D-912B-C00776CD14ED', '8774591035168', 4, 76, '8774591035168 ', NULL),
	(1031, '18F9FBE8-97A8-4716-A564-FAE3DC024D64', '8923782704644', 4, 76, '8923782704644 ', NULL),
	(1032, 'D1AEB970-E8EB-4F20-804E-FC848A0DD81F', '6427691911095', 4, 76, '6427691911095 ', NULL),
	(1033, 'C07DD3E2-749B-42F2-BDD3-3EAEF6C87803', '4939631492840', 4, 76, '4939631492840 ', NULL),
	(1034, '949C1CDB-D6DC-49E8-85C1-CBD66F7F9F98', '1487692385318', 4, 76, '1487692385318 ', NULL),
	(1035, 'EB957940-25BC-4EDB-A4B7-0BA53F1FA7FA', '3171415963082', 4, 76, '3171415963082 ', NULL),
	(1036, 'D5760F79-51F6-467B-BCAA-CBCC69F920C8', '3725785063445', 4, 76, '3725785063445 ', NULL),
	(1037, 'E4F9A2DC-A7BB-4FAC-9EA9-22F2D608BAB4', '0496364551152', 4, 76, '0496364551152 ', NULL),
	(1038, 'AF96A3A8-A7B2-4F34-83EA-FAE21DFC72D5', '8706286453765', 4, 76, '8706286453765 ', NULL),
	(1039, '107FAE15-5689-4956-A92B-BBCA1C7141E3', '1487748015674', 4, 76, '1487748015674 ', NULL),
	(1040, 'B6B7688A-37FC-4691-9F79-1B5DA2C35AAF', '6428541612091', 4, 76, '6428541612091 ', NULL),
	(1041, '3C210599-253B-4D55-BBF4-2C5349D131D0', '5438095404464', 4, 76, '5438095404464 ', NULL),
	(1042, '9D73DB78-C469-4FD8-A00C-1653BA926504', '2720735765274', 4, 76, '2720735765274 ', NULL);

-- Volcando estructura para tabla banco_libros.course
CREATE TABLE IF NOT EXISTS `course` (
  `id` int(11) unsigned NOT NULL AUTO_INCREMENT,
  `guid` char(36) NOT NULL,
  `name` varchar(255) NOT NULL,
  `abbr` varchar(10) NOT NULL,
  `season` varchar(50) NOT NULL,
  `searchdata` text NOT NULL,
  `created` timestamp NOT NULL DEFAULT current_timestamp(),
  `updated` timestamp NULL DEFAULT NULL,
  `deleted` timestamp NULL DEFAULT NULL,
  PRIMARY KEY (`id`)
) ENGINE=InnoDB AUTO_INCREMENT=32 DEFAULT CHARSET=utf8mb4 COLLATE=utf8mb4_general_ci;

-- Volcando datos para la tabla banco_libros.course: ~2 rows (aproximadamente)
INSERT INTO `course` (`id`, `guid`, `name`, `abbr`, `season`, `searchdata`, `created`, `updated`, `deleted`) VALUES
	(30, '8C11C629-0046-4BD0-9A94-26F3729426E9', '1ero Desarrollo de aplicaciones web', '1 DAW', '23-24', '1ero Desarrollo de aplicaciones web 1 DAW ', '2024-04-25 15:13:52', '2024-04-25 15:17:02', NULL),
	(31, '930047A8-C7E7-45C6-9760-523F2818903F', '2ndo Desarrollo de aplicaciones web', '2 DAW', '23-24', '2ndo Desarrollo de aplicaciones web 2 DAW ', '2024-04-25 15:16:57', NULL, NULL);

-- Volcando estructura para tabla banco_libros.history
CREATE TABLE IF NOT EXISTS `history` (
  `id` int(11) unsigned NOT NULL AUTO_INCREMENT,
  `guid` char(36) NOT NULL DEFAULT '',
  `copy_id` int(11) unsigned NOT NULL,
  `subject_id` int(11) unsigned NOT NULL,
  `student_id` int(11) unsigned NOT NULL,
  `initialstate` tinyint(1) NOT NULL DEFAULT 5,
  `finalstate` tinyint(1) DEFAULT NULL,
  `initialdate` timestamp NOT NULL DEFAULT current_timestamp() ON UPDATE current_timestamp(),
  `finaldate` timestamp NULL DEFAULT NULL,
  `observations` varchar(255) DEFAULT NULL,
  `updated` timestamp NULL DEFAULT NULL,
  `searchdata` text NOT NULL,
  PRIMARY KEY (`id`),
  KEY `FK_ejemplar_id_historial` (`copy_id`) USING BTREE,
  KEY `FK_student_id_historial` (`student_id`),
  KEY `FK_curso_id_historial` (`subject_id`) USING BTREE,
  CONSTRAINT `FK_ejemplar_id_historial` FOREIGN KEY (`copy_id`) REFERENCES `copy` (`id`) ON DELETE CASCADE ON UPDATE CASCADE,
  CONSTRAINT `FK_student_id_historial` FOREIGN KEY (`student_id`) REFERENCES `student` (`id`) ON DELETE CASCADE ON UPDATE CASCADE,
  CONSTRAINT `FK_subject_id_historial` FOREIGN KEY (`subject_id`) REFERENCES `subject` (`id`) ON DELETE CASCADE ON UPDATE CASCADE
) ENGINE=InnoDB AUTO_INCREMENT=40 DEFAULT CHARSET=utf8mb4 COLLATE=utf8mb4_general_ci;

-- Volcando datos para la tabla banco_libros.history: ~6 rows (aproximadamente)
INSERT INTO `history` (`id`, `guid`, `copy_id`, `subject_id`, `student_id`, `initialstate`, `finalstate`, `initialdate`, `finaldate`, `observations`, `updated`, `searchdata`) VALUES
	(34, 'C0467A58-001F-48AC-BD4C-2C695C0CA1DD', 803, 69, 51, 4, NULL, '2024-04-25 16:07:42', NULL, NULL, NULL, '8074034718853 Base de Datos '),
	(35, '7BCD35F8-60EB-4AEC-B2CB-0377CDF42746', 833, 70, 51, 4, NULL, '2024-04-25 16:07:42', NULL, NULL, NULL, '5986487223594 Entornos de desarrollo '),
	(36, 'BB2499A3-29B3-4163-A5F7-370209BF545B', 863, 71, 51, 4, NULL, '2024-04-25 16:07:42', NULL, NULL, NULL, '8839334127762 FOL '),
	(37, '7DB63281-FE9F-45BE-8473-AAC55291AC08', 893, 72, 51, 4, NULL, '2024-04-25 16:07:42', NULL, NULL, NULL, '7015863554573 Lenguaje Marcas '),
	(38, 'B3448FF1-E934-4BB5-8839-12CD2C1FD42B', 923, 73, 51, 4, NULL, '2024-04-25 16:07:42', NULL, NULL, NULL, '4943707619964 Programacion '),
	(39, 'A0943F89-A8B1-4CBD-92EF-721164425D65', 953, 74, 51, 4, NULL, '2024-04-25 16:07:42', NULL, NULL, NULL, '5356923286272 Sistemas Informaticos ');

-- Volcando estructura para tabla banco_libros.student
CREATE TABLE IF NOT EXISTS `student` (
  `id` int(11) unsigned NOT NULL AUTO_INCREMENT,
  `guid` char(36) NOT NULL,
  `nia` int(8) unsigned NOT NULL,
  `created` timestamp NOT NULL DEFAULT current_timestamp(),
  `updated` timestamp NULL DEFAULT NULL,
  `deleted` timestamp NULL DEFAULT NULL,
  `createdby` int(11) unsigned NOT NULL,
  `searchdata` text NOT NULL,
  PRIMARY KEY (`id`) USING BTREE,
  KEY `FK_createdby_alumno` (`createdby`),
  CONSTRAINT `FK_createdby_alumno` FOREIGN KEY (`createdby`) REFERENCES `user` (`id`) ON DELETE CASCADE ON UPDATE CASCADE
) ENGINE=InnoDB AUTO_INCREMENT=54 DEFAULT CHARSET=utf8mb4 COLLATE=utf8mb4_general_ci;

-- Volcando datos para la tabla banco_libros.student: ~3 rows (aproximadamente)
INSERT INTO `student` (`id`, `guid`, `nia`, `created`, `updated`, `deleted`, `createdby`, `searchdata`) VALUES
	(51, 'E765E42C-4DA5-411C-8BA4-C39CDAC64CB5', 96326632, '2024-04-25 15:11:50', NULL, NULL, 1, '96326632 '),
	(52, '541038C1-636C-45A3-B176-D13877DDFCDC', 96326633, '2024-04-25 15:12:20', NULL, NULL, 1, '96326633 '),
	(53, '642E8D5D-424D-4AC0-8E37-224F4A7150BD', 96625322, '2024-04-25 15:12:41', NULL, NULL, 1, '96625322 ');

-- Volcando estructura para tabla banco_libros.studentprofile
CREATE TABLE IF NOT EXISTS `studentprofile` (
  `id` int(11) unsigned NOT NULL AUTO_INCREMENT,
  `student_id` int(11) unsigned NOT NULL DEFAULT 0,
  `name` varchar(255) NOT NULL,
  `surnames` varchar(255) NOT NULL,
  `phone` varchar(250) NOT NULL,
  `email` varchar(255) NOT NULL,
  `updated` timestamp NULL DEFAULT NULL,
  PRIMARY KEY (`id`),
  KEY `FK_alumno_id_alumnoperfil` (`student_id`) USING BTREE,
  CONSTRAINT `FK_alumno_id_alumnoperfil` FOREIGN KEY (`student_id`) REFERENCES `student` (`id`) ON DELETE CASCADE ON UPDATE CASCADE
) ENGINE=InnoDB AUTO_INCREMENT=5 DEFAULT CHARSET=utf8mb4 COLLATE=utf8mb4_general_ci;

-- Volcando datos para la tabla banco_libros.studentprofile: ~3 rows (aproximadamente)
INSERT INTO `studentprofile` (`id`, `student_id`, `name`, `surnames`, `phone`, `email`, `updated`) VALUES
	(2, 51, 'Josep', 'Sanchis Belda', '665958525', 'josep@gmail.com', NULL),
	(3, 52, 'Hugo', 'Sanchis Belda', '665958525', 'hugo@gmail.com', NULL),
	(4, 53, 'Jose ', 'Sanchis Belda', '665958525', 'jose@gmail.com', NULL);

-- Volcando estructura para tabla banco_libros.subject
CREATE TABLE IF NOT EXISTS `subject` (
  `id` int(11) unsigned NOT NULL AUTO_INCREMENT,
  `guid` char(36) NOT NULL,
  `name` varchar(255) NOT NULL,
  `abbr` varchar(10) NOT NULL,
  `course_id` int(11) unsigned NOT NULL,
  `created` timestamp NOT NULL DEFAULT current_timestamp(),
  `updated` timestamp NULL DEFAULT NULL,
  `deleted` timestamp NULL DEFAULT NULL,
  `searchdata` text NOT NULL DEFAULT '',
  PRIMARY KEY (`id`),
  KEY `FK_curso_id_asignatura` (`course_id`) USING BTREE,
  CONSTRAINT `FK_curso_id_asignatura` FOREIGN KEY (`course_id`) REFERENCES `course` (`id`) ON DELETE CASCADE ON UPDATE CASCADE
) ENGINE=InnoDB AUTO_INCREMENT=81 DEFAULT CHARSET=utf8mb4 COLLATE=utf8mb4_general_ci;

-- Volcando datos para la tabla banco_libros.subject: ~12 rows (aproximadamente)
INSERT INTO `subject` (`id`, `guid`, `name`, `abbr`, `course_id`, `created`, `updated`, `deleted`, `searchdata`) VALUES
	(69, '0524FF04-F64B-4BB8-A795-4A07854E3E17', 'Bases de datos', 'BDD', 30, '2024-04-25 15:15:34', NULL, NULL, 'Bases de datos BDD 1ero Desarrollo de aplicaciones web '),
	(70, '82508567-2C4D-4DEB-8DF0-BAAE93CFA8DE', 'Entornos de desarrollo', 'ED', 30, '2024-04-25 15:15:44', NULL, NULL, 'Entornos de desarrollo ED 1ero Desarrollo de aplicaciones web '),
	(71, 'A2D28020-3117-463A-BA2A-D905E3BE48CB', 'Formación y orientación laboral', 'FOL', 30, '2024-04-25 15:15:54', NULL, NULL, 'Formación y orientación laboral FOL 1ero Desarrollo de aplicaciones web '),
	(72, '582D7297-9849-40B4-9DE9-E1B7E74B074A', 'Lenguaje de marcas', 'LM', 30, '2024-04-25 15:16:07', NULL, NULL, 'Lenguaje de marcas LM 1ero Desarrollo de aplicaciones web '),
	(73, 'E92F85A6-C6BA-4D20-9086-81D0DC7FABB7', 'Programación', 'PRG', 30, '2024-04-25 15:16:17', NULL, NULL, 'Programación PRG 1ero Desarrollo de aplicaciones web '),
	(74, '99D1BF40-F3BD-49E7-8911-6F84B804DA35', 'Sistemas informáticos', 'SI', 30, '2024-04-25 15:16:34', NULL, NULL, 'Sistemas informáticos SI 1ero Desarrollo de aplicaciones web '),
	(75, '8AA0AB27-488C-4775-B8E6-E79D3A6210F3', 'Desarrollo web en entorno cliente', 'EC', 31, '2024-04-25 15:17:16', NULL, NULL, 'Desarrollo web en entorno cliente EC 2ndo Desarrollo de aplicaciones web '),
	(76, '0320DA97-F50B-47C3-AAEA-6789490E2FBC', 'Desarrollo web en entorno servidor', 'ES', 31, '2024-04-25 15:17:30', NULL, NULL, 'Desarrollo web en entorno servidor ES 2ndo Desarrollo de aplicaciones web '),
	(77, '1A7F16C4-B619-49AC-A082-42C139CC7578', 'Despliegue de aplicaciones web', 'DAW', 31, '2024-04-25 15:17:44', NULL, NULL, 'Despliegue de aplicaciones web DAW 2ndo Desarrollo de aplicaciones web '),
	(78, '209F7052-20CA-4F1E-9617-CF9474482FFD', 'Diseño de interfaces web', 'DW', 31, '2024-04-25 15:17:56', NULL, NULL, 'Diseño de interfaces web DW 2ndo Desarrollo de aplicaciones web '),
	(79, '1EF1A9F3-38C4-4F00-9D77-1E7106201B84', 'Empresa e iniciativa emprendedora', 'EMP', 31, '2024-04-25 15:18:07', NULL, NULL, 'Empresa e iniciativa emprendedora EMP 2ndo Desarrollo de aplicaciones web '),
	(80, 'F62F5BCF-8ED3-4799-A91E-DE587E39AEF7', 'Inglés técnico para grado superior', 'ING', 31, '2024-04-25 15:18:31', NULL, NULL, 'Inglés técnico para grado superior ING 2ndo Desarrollo de aplicaciones web ');

-- Volcando estructura para tabla banco_libros.user
CREATE TABLE IF NOT EXISTS `user` (
  `id` int(11) unsigned NOT NULL AUTO_INCREMENT,
  `guid` char(36) NOT NULL,
  `email` varchar(255) NOT NULL,
  `password` varchar(255) NOT NULL,
  `created` timestamp NOT NULL DEFAULT current_timestamp(),
  `updated` timestamp NULL DEFAULT NULL,
  `deleted` timestamp NULL DEFAULT NULL,
  `token` varchar(500) DEFAULT NULL,
  `expiredate` timestamp NULL DEFAULT NULL,
  PRIMARY KEY (`id`)
) ENGINE=InnoDB AUTO_INCREMENT=3 DEFAULT CHARSET=utf8mb4 COLLATE=utf8mb4_general_ci;

-- Volcando datos para la tabla banco_libros.user: ~2 rows (aproximadamente)
INSERT INTO `user` (`id`, `guid`, `email`, `password`, `created`, `updated`, `deleted`, `token`, `expiredate`) VALUES
	(1, 'D0201930-85B5-4121-814B-2017FB44F321', 'hugo.sanchis@vidavia.com', '$2y$10$7T0KbkkZf8rJ4VJ5JI55Wu7WoDd3vlcYwdoKsoL5e8JZI4dikNxIu', '2024-03-15 15:07:57', NULL, NULL, 'ac5d449f43930555bb6b547ec2aa5d7b0f8153dc7b53b7843584342c2d782ed2', '2024-04-26 07:31:18'),
	(2, '2FD1146E-D21B-4787-AEE1-72D3BE4E5D71', 'jose.sanchis@vidavia.com', '$2y$10$.w3dwJrGA3ol58g3IJFU8uN.QWxIpCtImMlM1sbfhsZTNP2tWGyvW', '2024-03-28 14:42:15', NULL, NULL, 'ebb063656c62a32460aa9effc51440e144356cbc504805f94926aa5dc39366e8', '2024-04-23 11:07:11');

-- Volcando estructura para tabla banco_libros.userprofile
CREATE TABLE IF NOT EXISTS `userprofile` (
  `id` int(11) NOT NULL AUTO_INCREMENT,
  `user_id` int(11) unsigned NOT NULL,
  `name` varchar(255) NOT NULL,
  `surnames` varchar(255) NOT NULL,
  `phone` varchar(250) DEFAULT NULL,
  `updated` timestamp NULL DEFAULT NULL,
  PRIMARY KEY (`id`),
  KEY `FK_usuario_id_usuarioperfil` (`user_id`) USING BTREE,
  CONSTRAINT `FK_usuario_id_usuarioperfil` FOREIGN KEY (`user_id`) REFERENCES `user` (`id`) ON DELETE CASCADE ON UPDATE CASCADE
) ENGINE=InnoDB AUTO_INCREMENT=3 DEFAULT CHARSET=utf8mb4 COLLATE=utf8mb4_general_ci;

-- Volcando datos para la tabla banco_libros.userprofile: ~2 rows (aproximadamente)
INSERT INTO `userprofile` (`id`, `user_id`, `name`, `surnames`, `phone`, `updated`) VALUES
	(1, 1, 'Hugo', 'Sanchis', '666595858', '2024-04-24 11:51:23'),
	(2, 2, 'Jose', 'Sanchis', NULL, NULL);

/*!40103 SET TIME_ZONE=IFNULL(@OLD_TIME_ZONE, 'system') */;
/*!40101 SET SQL_MODE=IFNULL(@OLD_SQL_MODE, '') */;
/*!40014 SET FOREIGN_KEY_CHECKS=IFNULL(@OLD_FOREIGN_KEY_CHECKS, 1) */;
/*!40101 SET CHARACTER_SET_CLIENT=@OLD_CHARACTER_SET_CLIENT */;
/*!40111 SET SQL_NOTES=IFNULL(@OLD_SQL_NOTES, 1) */;
